-- phpMyAdmin SQL Dump
-- version 4.2.12deb2+deb8u1
-- http://www.phpmyadmin.net
--
-- Host: localhost
-- Erstellungszeit: 21. Apr 2017 um 18:16
-- Server Version: 10.1.14-MariaDB-1~jessie
-- PHP-Version: 5.6.22-0+deb8u1

SET SQL_MODE = "NO_AUTO_VALUE_ON_ZERO";
SET time_zone = "+00:00";


/*!40101 SET @OLD_CHARACTER_SET_CLIENT=@@CHARACTER_SET_CLIENT */;
/*!40101 SET @OLD_CHARACTER_SET_RESULTS=@@CHARACTER_SET_RESULTS */;
/*!40101 SET @OLD_COLLATION_CONNECTION=@@COLLATION_CONNECTION */;
/*!40101 SET NAMES utf8 */;

--
-- Datenbank: `opendarkness`
--
CREATE DATABASE IF NOT EXISTS `opendarkness` DEFAULT CHARACTER SET latin1 COLLATE latin1_swedish_ci;
USE `opendarkness`;

-- --------------------------------------------------------

--
-- Tabellenstruktur für Tabelle `Account`
--

CREATE TABLE IF NOT EXISTS `Account` (
`account_id` int(11) NOT NULL,
  `email` varchar(100) DEFAULT NULL,
  `account_pass` varchar(20) DEFAULT NULL
) ENGINE=InnoDB AUTO_INCREMENT=18 DEFAULT CHARSET=latin1;

--
-- Daten für Tabelle `Account`
--

INSERT INTO `Account` (`account_id`, `email`, `account_pass`) VALUES
(1, 'max1.mustermann@email.de', 'varchar'),
(2, 'max2.mustermann@email.de', 'varchar'),
(3, 'max3.mustermann@email.de', '12345'),
(4, 'max.mustermann@email.de', 'mustermann'),
(10, 'max10.mustermann@email.de', 'NeWpAsSWoRd'),
(11, 'max11.mustermann@email.de', 'testtest'),
(12, 'max12.mustermann@email.de', 'testtest'),
(13, 'max13.mustermann@email.de', 'testtest'),
(14, 'max14.mustermann@email.de', 'TestOD'),
(15, 'max15.mustermann@email.de', 'blablabla3434'),
(16, 'max16.mustermann@email.de', 'OpenDarkness2016'),
(17, 'max17.mustermann@email.de', '123456test');

-- --------------------------------------------------------

--
-- Tabellenstruktur für Tabelle `Chance_Class`
--

CREATE TABLE IF NOT EXISTS `Chance_Class` (
`class_id` int(11) NOT NULL,
  `class_name` varchar(255) NOT NULL
) ENGINE=InnoDB AUTO_INCREMENT=41 DEFAULT CHARSET=latin1;

--
-- Daten für Tabelle `Chance_Class`
--

INSERT INTO `Chance_Class` (`class_id`, `class_name`) VALUES
(1, 'Durchsetzung von Standards und dominanten Designs'),
(2, 'Erreichen einer höheren Marktakzeptanz durch Referenzwirkung'),
(3, 'Möglichkeit des einfacheren Benchmarkings'),
(4, 'Bessere Prognosemöglichkeiten'),
(5, 'Verbesserung der Marktkenntnis und Bedarfserfassung'),
(6, 'Erweiterung des Angebotsspektrums'),
(7, 'Technologische Synergieeffekte'),
(8, 'Vorteile durch Technologietransfer ins eigene Unternehmen'),
(9, 'Nutzung geistigen Eigentums als strategischen Wert'),
(10, 'Syergievorteile durch Patentpooling'),
(11, 'Risikodiversifikation, Risikostreuung'),
(12, 'Nutzung von Wettbewerbssynergien'),
(13, 'Profitieren von fremder Kultur'),
(14, 'Verbesserung der eigenen Unternehmenskultur'),
(15, 'Profitieren vom Netzwerk des Partners'),
(16, 'Zugang zu neuen Produkt- und Produktionstechnologien'),
(17, 'Ausweitung der eigenen Wissensbasis'),
(18, 'Füllung interener Wissenslücken'),
(19, 'Einbeziehung externer Erfahrungen'),
(20, 'Interdisziplinäre Synergien'),
(21, 'Verbesserung der eigenen Lernfähigkeit'),
(22, 'Überbrückung von mangelnden Ressourcen'),
(23, 'Bessere Auslastung unterschiedlicher Unternehmensbereiche (Vertrieb, Marketing, Forschung und Entwicklung)'),
(24, 'Ausweitung der verfügbaren Ressourcenbasis'),
(25, 'Ressourcenunterstützung durch Mitnahme öffentlicher Fördermittel'),
(26, 'Auslastungsaufteilung - Workload allocation'),
(27, 'Kostenreduktion'),
(28, 'Nutzng der Vorteile fremder IT-Infrastruktur'),
(29, 'Verfügbarkeit externer Experten'),
(30, 'Nutzung einer facettenreicheren Projektbewertung'),
(31, 'Finden einer facettenreicheren PRohektbewertung'),
(32, 'Erschließung zusätzlicher Potentiale während des Prozessverlaufs'),
(33, 'Kürzere Entwicklungszeiten'),
(34, 'Schnelle Vermarktung'),
(35, 'Gemeinsame Standards'),
(36, 'Verbesserung der Produkte, Dienstleistungen'),
(37, 'Erhöhung der Innovationsleistung'),
(38, 'Verbesserung der Prozesse'),
(39, 'Use of intellectual property as strategic assets'),
(40, 'Monitoring of the uncertain of value and protection level of others'' patents');

-- --------------------------------------------------------

--
-- Tabellenstruktur für Tabelle `Chance_Evaluations`
--

CREATE TABLE IF NOT EXISTS `Chance_Evaluations` (
  `project_id` int(11) NOT NULL,
  `question_id` int(11) NOT NULL,
  `probability` float NOT NULL,
  `extent` float NOT NULL
) ENGINE=InnoDB DEFAULT CHARSET=latin1;

--
-- Daten für Tabelle `Chance_Evaluations`
--

INSERT INTO `Chance_Evaluations` (`project_id`, `question_id`, `probability`, `extent`) VALUES
(13, 1, 0, 0),
(13, 2, 0, 0),
(13, 3, 0, 0),
(13, 4, 0, 0),
(13, 5, 0, 0),
(13, 6, 0, 0),
(13, 7, 0, 0),
(13, 8, 0, 0),
(13, 9, 0, 0),
(13, 10, 0, 0),
(13, 11, 0, 0),
(13, 12, 0, 0),
(1, 1, 0.6, 9),
(1, 2, 0.1, 1),
(1, 3, 0.6, 2),
(1, 4, 0.2, 2),
(1, 5, 0.6, 0),
(1, 6, 0.5, 5),
(1, 7, 1, 10),
(1, 8, 0.7, 7),
(1, 9, 0.6, 8),
(1, 10, 0.9, 9),
(1, 11, 1, 10),
(1, 12, 0.9, 9),
(2, 1, 1, 10),
(2, 2, 0.5, 5),
(2, 3, 0.5, 5),
(2, 4, 0.2, 2),
(2, 5, 0.8, 10),
(2, 6, 1, 7),
(2, 7, 0.7, 10),
(2, 8, 0.4, 7),
(2, 9, 0.2, 3),
(2, 10, 0.5, 9),
(2, 11, 0.7, 9),
(2, 12, 1, 10),
(3, 1, 0.8, 10),
(3, 2, 0.6, 8),
(3, 3, 0.7, 8),
(3, 4, 0.5, 5),
(3, 5, 0.7, 8),
(3, 6, 1, 10),
(3, 7, 0.7, 8),
(3, 8, 0.5, 4),
(3, 9, 0.5, 10),
(3, 10, 0.8, 6),
(3, 11, 0.7, 7),
(3, 12, 0.5, 8),
(4, 1, 0, 0),
(4, 2, 0, 0),
(4, 3, 0, 0),
(4, 4, 0, 0),
(4, 5, 0, 0),
(4, 6, 0, 0),
(4, 7, 0, 0),
(4, 8, 0, 0),
(4, 9, 0, 0),
(4, 10, 0, 0),
(4, 11, 0, 0),
(4, 12, 0, 0),
(5, 1, 0.8, 5),
(5, 2, 0.5, 2),
(5, 3, 0.6, 3),
(5, 4, 0.3, 6),
(5, 5, 0, 0),
(5, 6, 0, 0),
(5, 7, 0, 0),
(5, 8, 0, 0),
(5, 9, 0, 0),
(5, 10, 0, 0),
(5, 11, 0, 0),
(5, 12, 0, 0),
(6, 1, 0, 0),
(6, 2, 0, 0),
(6, 3, 0, 0),
(6, 4, 0, 0),
(6, 5, 0, 0),
(6, 6, 0, 0),
(6, 7, 0, 0),
(6, 8, 0, 0),
(6, 9, 0, 0),
(6, 10, 0, 0),
(6, 11, 0, 0),
(6, 12, 0, 0),
(7, 1, 0, 0),
(7, 2, 0, 0),
(7, 3, 0, 0),
(7, 4, 0, 0),
(7, 5, 0, 0),
(7, 6, 0, 0),
(7, 7, 0, 0),
(7, 8, 0, 0),
(7, 9, 0, 0),
(7, 10, 0, 0),
(7, 11, 0, 0),
(7, 12, 0, 0),
(8, 1, 0, 0),
(8, 2, 0, 0),
(8, 3, 0, 0),
(8, 4, 0, 0),
(8, 5, 0, 0),
(8, 6, 0, 0),
(8, 7, 0, 0),
(8, 8, 0, 0),
(8, 9, 0, 0),
(8, 10, 0, 0),
(8, 11, 0, 0),
(8, 12, 0, 0),
(9, 1, 0, 0),
(9, 2, 0, 0),
(9, 3, 0, 0),
(9, 4, 0, 0),
(9, 5, 0, 0),
(9, 6, 0, 0),
(9, 7, 0, 0),
(9, 8, 0, 0),
(9, 9, 0, 0),
(9, 10, 0, 0),
(9, 11, 0, 0),
(9, 12, 0, 0),
(10, 1, 0, 0),
(10, 2, 0, 0),
(10, 3, 0, 0),
(10, 4, 0, 0),
(10, 5, 0, 0),
(10, 6, 0, 0),
(10, 7, 0, 0),
(10, 8, 0, 0),
(10, 9, 0, 0),
(10, 10, 0, 0),
(10, 11, 0, 0),
(10, 12, 0, 0),
(11, 1, 0.6, 0),
(11, 2, 0, 0),
(11, 3, 0, 0),
(11, 4, 0, 0),
(11, 5, 0, 0),
(11, 6, 0, 0),
(11, 7, 0, 0),
(11, 8, 0, 0),
(11, 9, 0, 0),
(11, 10, 0, 0),
(11, 11, 0, 0),
(11, 12, 0, 0),
(12, 1, 0, 0),
(12, 2, 0, 0),
(12, 3, 0, 0),
(12, 4, 0, 0),
(12, 5, 0, 0),
(12, 6, 0, 0),
(12, 7, 0, 0),
(12, 8, 0, 0),
(12, 9, 0, 0),
(12, 10, 0, 0),
(12, 11, 0, 0),
(12, 12, 0, 0),
(13, 1, 0, 0),
(13, 2, 0, 0),
(13, 3, 0, 0),
(13, 4, 0, 0),
(13, 5, 0, 0),
(13, 6, 0, 0),
(13, 7, 0, 0),
(13, 8, 0, 0),
(13, 9, 0, 0),
(13, 10, 0, 0),
(13, 11, 0, 0),
(13, 12, 0, 0),
(12, 1, 0, 0),
(12, 2, 0, 0),
(12, 3, 0, 0),
(12, 4, 0, 0),
(12, 5, 0, 0),
(12, 6, 0, 0),
(12, 7, 0, 0),
(12, 8, 0, 0),
(12, 9, 0, 0),
(12, 10, 0, 0),
(12, 11, 0, 0),
(12, 12, 0, 0),
(15, 1, 0, 0),
(15, 2, 0, 0),
(15, 3, 0, 0),
(15, 4, 0, 0),
(15, 5, 0, 0),
(15, 6, 0, 0),
(15, 7, 0, 0),
(15, 8, 0, 0),
(15, 9, 0, 0),
(15, 10, 0, 0),
(15, 11, 0, 0),
(15, 12, 0, 0),
(16, 1, 0, 0),
(16, 2, 0, 0),
(16, 3, 0, 0),
(16, 4, 0, 0),
(16, 5, 0, 0),
(16, 6, 0, 0),
(16, 7, 0, 0),
(16, 8, 0, 0),
(16, 9, 0, 0),
(16, 10, 0, 0),
(16, 11, 0, 0),
(16, 12, 0, 0),
(17, 1, 0.3, 4),
(17, 2, 0.5, 3),
(17, 3, 0.7, 8),
(17, 4, 0.4, 4),
(17, 5, 0.4, 5),
(17, 6, 0.5, 4),
(17, 7, 0.3, 2),
(17, 8, 0.7, 1),
(17, 9, 0.4, 3),
(17, 10, 0.3, 8),
(17, 11, 0.3, 6),
(17, 12, 0.4, 5),
(18, 1, 0.3, 7),
(18, 2, 0.3, 4),
(18, 3, 0, 0),
(18, 4, 0, 0),
(18, 5, 0, 0),
(18, 6, 0, 0),
(18, 7, 0, 0),
(18, 8, 0, 0),
(18, 9, 0, 0),
(18, 10, 0, 0),
(18, 11, 0, 0),
(18, 12, 0, 0),
(19, 1, 0.4, 3),
(19, 2, 0.2, 7),
(19, 3, 0.8, 1),
(19, 4, 0, 0),
(19, 5, 0, 0),
(19, 6, 0, 0),
(19, 7, 0, 0),
(19, 8, 0, 0),
(19, 9, 0, 0),
(19, 10, 0, 0),
(19, 11, 0, 0),
(19, 12, 0, 0),
(20, 1, 0, 0),
(20, 2, 0, 0),
(20, 3, 0, 0),
(20, 4, 0, 0),
(20, 5, 0, 0),
(20, 6, 0, 0),
(20, 7, 0, 0),
(20, 8, 0, 0),
(20, 9, 0, 0),
(20, 10, 0, 0),
(20, 11, 0, 0),
(20, 12, 0, 0),
(21, 1, 0, 0),
(21, 2, 0, 0),
(21, 3, 0, 0),
(21, 4, 0, 0),
(21, 5, 0, 0),
(21, 6, 0, 0),
(21, 7, 0, 0),
(21, 8, 0, 0),
(21, 9, 0, 0),
(21, 10, 0, 0),
(21, 11, 0, 0),
(21, 12, 0, 0),
(22, 1, 0, 0),
(22, 2, 0, 0),
(22, 3, 0, 0),
(22, 4, 0, 0),
(22, 5, 0, 0),
(22, 6, 0, 0),
(22, 7, 0, 0),
(22, 8, 0, 0),
(22, 9, 0, 0),
(22, 10, 0, 0),
(22, 11, 0, 0),
(22, 12, 0, 0),
(23, 1, 0, 0),
(23, 2, 0, 0),
(23, 3, 0, 0),
(23, 4, 0, 0),
(23, 5, 0, 0),
(23, 6, 0, 0),
(23, 7, 0, 0),
(23, 8, 0, 0),
(23, 9, 0, 0),
(23, 10, 0, 0),
(23, 11, 0, 0),
(23, 12, 0, 0),
(24, 1, 0, 0),
(24, 2, 0, 0),
(24, 3, 0, 0),
(24, 4, 0, 0),
(24, 5, 0, 0),
(24, 6, 0, 0),
(24, 7, 0, 0),
(24, 8, 0, 0),
(24, 9, 0, 0),
(24, 10, 0, 0),
(24, 11, 0, 0),
(24, 12, 0, 0),
(13, 1, 0, 0),
(13, 2, 0, 0),
(13, 3, 0, 0),
(13, 4, 0, 0),
(13, 5, 0, 0),
(13, 6, 0, 0),
(13, 7, 0, 0),
(13, 8, 0, 0),
(13, 9, 0, 0),
(13, 10, 0, 0),
(13, 11, 0, 0),
(13, 12, 0, 0),
(26, 1, 0, 0),
(26, 2, 0, 0),
(26, 3, 0, 0),
(26, 4, 0, 0),
(26, 5, 0, 0),
(26, 6, 0, 0),
(26, 7, 0, 0),
(26, 8, 0, 0),
(26, 9, 0, 0),
(26, 10, 0, 0),
(26, 11, 0, 0),
(26, 12, 0, 0),
(27, 1, 0, 0),
(27, 2, 0, 0),
(27, 3, 0, 0),
(27, 4, 0, 0),
(27, 5, 0, 0),
(27, 6, 0, 0),
(27, 7, 0, 0),
(27, 8, 0, 0),
(27, 9, 0, 0),
(27, 10, 0, 0),
(27, 11, 0, 0),
(27, 12, 0, 0),
(28, 1, 0, 0),
(28, 2, 0, 0),
(28, 3, 0, 0),
(28, 4, 0, 0),
(28, 5, 0, 0),
(28, 6, 0, 0),
(28, 7, 0, 0),
(28, 8, 0, 0),
(28, 9, 0, 0),
(28, 10, 0, 0),
(28, 11, 0, 0),
(28, 12, 0, 0),
(29, 1, 0, 0),
(29, 2, 0, 0),
(29, 3, 0, 0),
(29, 4, 0, 0),
(29, 5, 0, 0),
(29, 6, 0, 0),
(29, 7, 0, 0),
(29, 8, 0, 0),
(29, 9, 0, 0),
(29, 10, 0, 0),
(29, 11, 0, 0),
(29, 12, 0, 0),
(30, 1, 0, 0),
(30, 2, 0, 0),
(30, 3, 0, 0),
(30, 4, 0, 0),
(30, 5, 0, 0),
(30, 6, 0, 0),
(30, 7, 0, 0),
(30, 8, 0, 0),
(30, 9, 0, 0),
(30, 10, 0, 0),
(30, 11, 0, 0),
(30, 12, 0, 0),
(31, 1, 0, 0),
(31, 2, 0, 0),
(31, 3, 0, 0),
(31, 4, 0, 0),
(31, 5, 0, 0),
(31, 6, 0, 0),
(31, 7, 0, 0),
(31, 8, 0, 0),
(31, 9, 0, 0),
(31, 10, 0, 0),
(31, 11, 0, 0),
(31, 12, 0, 0),
(32, 1, 0, 0),
(32, 2, 0, 0),
(32, 3, 0, 0),
(32, 4, 0, 0),
(32, 5, 0, 0),
(32, 6, 0, 0),
(32, 7, 0, 0),
(32, 8, 0, 0),
(32, 9, 0, 0),
(32, 10, 0, 0),
(32, 11, 0, 0),
(32, 12, 0, 0),
(33, 1, 0.2, 3),
(33, 2, 0.1, 5),
(33, 3, 0.6, 8),
(33, 4, 0, 0),
(33, 5, 0, 0),
(33, 6, 0, 0),
(33, 7, 0, 0),
(33, 8, 0, 0),
(33, 9, 0, 0),
(33, 10, 0, 0),
(33, 11, 0, 0),
(33, 12, 0, 0),
(34, 1, 0, 0),
(34, 2, 0, 0),
(34, 3, 0, 0),
(34, 4, 0, 0),
(34, 5, 0, 0),
(34, 6, 0, 0),
(34, 7, 0, 0),
(34, 8, 0, 0),
(34, 9, 0, 0),
(34, 10, 0, 0),
(34, 11, 0, 0),
(34, 12, 0, 0),
(35, 1, 0, 0),
(35, 2, 0, 0),
(35, 3, 0, 0),
(35, 4, 0, 0),
(35, 5, 0, 0),
(35, 6, 0, 0),
(35, 7, 0, 0),
(35, 8, 0, 0),
(35, 9, 0, 0),
(35, 10, 0, 0),
(35, 11, 0, 0),
(35, 12, 0, 0),
(36, 1, 0, 0),
(36, 2, 0, 0),
(36, 3, 0, 0),
(36, 4, 0, 0),
(36, 5, 0, 0),
(36, 6, 0, 0),
(36, 7, 0, 0),
(36, 8, 0, 0),
(36, 9, 0, 0),
(36, 10, 0, 0),
(36, 11, 0, 0),
(36, 12, 0, 0),
(37, 1, 0, 0),
(37, 2, 0, 0),
(37, 3, 0, 0),
(37, 4, 0, 0),
(37, 5, 0, 0),
(37, 6, 0, 0),
(37, 7, 0, 0),
(37, 8, 0, 0),
(37, 9, 0, 0),
(37, 10, 0, 0),
(37, 11, 0, 0),
(37, 12, 0, 0),
(38, 1, 0, 0),
(38, 2, 0, 0),
(38, 3, 0, 0),
(38, 4, 0, 0),
(38, 5, 0, 0),
(38, 6, 0, 0),
(38, 7, 0, 0),
(38, 8, 0, 0),
(38, 9, 0, 0),
(38, 10, 0, 0),
(38, 11, 0, 0),
(38, 12, 0, 0),
(39, 1, 0, 0),
(39, 2, 0, 0),
(39, 3, 0, 0),
(39, 4, 0, 0),
(39, 5, 0, 0),
(39, 6, 0, 0),
(39, 7, 0, 0),
(39, 8, 0, 0),
(39, 9, 0, 0),
(39, 10, 0, 0),
(39, 11, 0, 0),
(39, 12, 0, 0),
(40, 1, 0, 0),
(40, 2, 0, 0),
(40, 3, 0, 0),
(40, 4, 0, 0),
(40, 5, 0, 0),
(40, 6, 0, 0),
(40, 7, 0, 0),
(40, 8, 0, 0),
(40, 9, 0, 0),
(40, 10, 0, 0),
(40, 11, 0, 0),
(40, 12, 0, 0),
(41, 1, 0, 0),
(41, 2, 0, 0),
(41, 3, 0, 0),
(41, 4, 0, 0),
(41, 5, 0, 0),
(41, 6, 0, 0),
(41, 7, 0, 0),
(41, 8, 0, 0),
(41, 9, 0, 0),
(41, 10, 0, 0),
(41, 11, 0, 0),
(41, 12, 0, 0),
(42, 1, 0, 0),
(42, 2, 0, 0),
(42, 3, 0, 0),
(42, 4, 0, 0),
(42, 5, 0, 0),
(42, 6, 0, 0),
(42, 7, 0, 0),
(42, 8, 0, 0),
(42, 9, 0, 0),
(42, 10, 0, 0),
(42, 11, 0, 0),
(42, 12, 0, 0);

-- --------------------------------------------------------

--
-- Tabellenstruktur für Tabelle `Chance_Measures_Evaluations`
--

CREATE TABLE IF NOT EXISTS `Chance_Measures_Evaluations` (
  `measures_id` int(11) NOT NULL,
  `project_id` int(11) NOT NULL,
  `probability` float NOT NULL,
  `extent` float NOT NULL
) ENGINE=InnoDB DEFAULT CHARSET=latin1;

--
-- Daten für Tabelle `Chance_Measures_Evaluations`
--

INSERT INTO `Chance_Measures_Evaluations` (`measures_id`, `project_id`, `probability`, `extent`) VALUES
(1, 1, 0.6, 9),
(2, 1, 0.1, 1),
(3, 1, 0.6, 2),
(4, 1, 0.2, 2),
(5, 1, 0.6, 0),
(6, 1, 0.5, 5),
(7, 1, 1, 10),
(8, 1, 0.7, 7),
(9, 1, 0.6, 8),
(10, 1, 0.9, 9),
(11, 1, 1, 10),
(12, 1, 0.9, 9),
(1, 2, 1, 10),
(2, 2, 0.8, 8),
(3, 2, 0.8, 8),
(4, 2, 0.7, 5),
(5, 2, 0.9, 10),
(6, 2, 1, 8),
(7, 2, 0.9, 10),
(8, 2, 0.7, 8),
(9, 2, 0.6, 6),
(10, 2, 0.6, 10),
(11, 2, 1, 10),
(12, 2, 0.8, 8),
(1, 3, 0.9, 10),
(2, 3, 0.9, 8),
(3, 3, 0.9, 8),
(4, 3, 0.9, 9),
(5, 3, 0.9, 8),
(6, 3, 1, 10),
(7, 3, 0.9, 8),
(8, 3, 0.9, 8),
(9, 3, 0.9, 10),
(10, 3, 0.9, 8),
(11, 3, 0.9, 8),
(12, 3, 0.7, 9),
(1, 4, 0, 0),
(2, 4, 0, 0),
(3, 4, 0, 0),
(4, 4, 0, 0),
(5, 4, 0, 0),
(6, 4, 0, 0),
(7, 4, 0, 0),
(8, 4, 0, 0),
(9, 4, 0, 0),
(10, 4, 0, 0),
(11, 4, 0, 0),
(12, 4, 0, 0),
(1, 5, 0.8, 5),
(2, 5, 0.5, 2),
(3, 5, 0.6, 3),
(4, 5, 0.3, 6),
(5, 5, 0, 0),
(6, 5, 0, 0),
(7, 5, 0, 0),
(8, 5, 0, 0),
(9, 5, 0, 0),
(10, 5, 0, 0),
(11, 5, 0, 0),
(12, 5, 0, 0),
(1, 6, 0, 0),
(2, 6, 0, 0),
(3, 6, 0, 0),
(4, 6, 0, 0),
(5, 6, 0, 0),
(6, 6, 0, 0),
(7, 6, 0, 0),
(8, 6, 0, 0),
(9, 6, 0, 0),
(10, 6, 0, 0),
(11, 6, 0, 0),
(12, 6, 0, 0),
(1, 7, 0, 0),
(2, 7, 0, 0),
(3, 7, 0, 0),
(4, 7, 0, 0),
(5, 7, 0, 0),
(6, 7, 0, 0),
(7, 7, 0, 0),
(8, 7, 0, 0),
(9, 7, 0, 0),
(10, 7, 0, 0),
(11, 7, 0, 0),
(12, 7, 0, 0),
(1, 8, 0, 0),
(2, 8, 0, 0),
(3, 8, 0, 0),
(4, 8, 0, 0),
(5, 8, 0, 0),
(6, 8, 0, 0),
(7, 8, 0, 0),
(8, 8, 0, 0),
(9, 8, 0, 0),
(10, 8, 0, 0),
(11, 8, 0, 0),
(12, 8, 0, 0),
(1, 9, 0, 0),
(2, 9, 0, 0),
(3, 9, 0, 0),
(4, 9, 0, 0),
(5, 9, 0, 0),
(6, 9, 0, 0),
(7, 9, 0, 0),
(8, 9, 0, 0),
(9, 9, 0, 0),
(10, 9, 0, 0),
(11, 9, 0, 0),
(12, 9, 0, 0),
(1, 10, 0, 0),
(2, 10, 0, 0),
(3, 10, 0, 0),
(4, 10, 0, 0),
(5, 10, 0, 0),
(6, 10, 0, 0),
(7, 10, 0, 0),
(8, 10, 0, 0),
(9, 10, 0, 0),
(10, 10, 0, 0),
(11, 10, 0, 0),
(12, 10, 0, 0),
(1, 11, 0.6, 0),
(2, 11, 0, 0),
(3, 11, 0, 0),
(4, 11, 0, 0),
(5, 11, 0, 0),
(6, 11, 0, 0),
(7, 11, 0, 0),
(8, 11, 0, 0),
(9, 11, 0, 0),
(10, 11, 0, 0),
(11, 11, 0, 0),
(12, 11, 0, 0),
(1, 12, 0, 0),
(2, 12, 0, 0),
(3, 12, 0, 0),
(4, 12, 0, 0),
(5, 12, 0, 0),
(6, 12, 0, 0),
(7, 12, 0, 0),
(8, 12, 0, 0),
(9, 12, 0, 0),
(10, 12, 0, 0),
(11, 12, 0, 0),
(12, 12, 0, 0),
(1, 13, 0, 0),
(2, 13, 0, 0),
(3, 13, 0, 0),
(4, 13, 0, 0),
(5, 13, 0, 0),
(6, 13, 0, 0),
(7, 13, 0, 0),
(8, 13, 0, 0),
(9, 13, 0, 0),
(10, 13, 0, 0),
(11, 13, 0, 0),
(12, 13, 0, 0),
(1, 12, 0, 0),
(2, 12, 0, 0),
(3, 12, 0, 0),
(4, 12, 0, 0),
(5, 12, 0, 0),
(6, 12, 0, 0),
(7, 12, 0, 0),
(8, 12, 0, 0),
(9, 12, 0, 0),
(10, 12, 0, 0),
(11, 12, 0, 0),
(12, 12, 0, 0),
(1, 15, 0, 0),
(2, 15, 0, 0),
(3, 15, 0, 0),
(4, 15, 0, 0),
(5, 15, 0, 0),
(6, 15, 0, 0),
(7, 15, 0, 0),
(8, 15, 0, 0),
(9, 15, 0, 0),
(10, 15, 0, 0),
(11, 15, 0, 0),
(12, 15, 0, 0),
(1, 16, 0, 0),
(2, 16, 0, 0),
(3, 16, 0, 0),
(4, 16, 0, 0),
(5, 16, 0, 0),
(6, 16, 0, 0),
(7, 16, 0, 0),
(8, 16, 0, 0),
(9, 16, 0, 0),
(10, 16, 0, 0),
(11, 16, 0, 0),
(12, 16, 0, 0),
(1, 17, 0.3, 4),
(2, 17, 0.5, 3),
(3, 17, 0.7, 8),
(4, 17, 0.4, 4),
(5, 17, 0.4, 5),
(6, 17, 0.5, 4),
(7, 17, 0.3, 2),
(8, 17, 0.7, 1),
(9, 17, 0.4, 3),
(10, 17, 0.3, 8),
(11, 17, 0.3, 6),
(12, 17, 0.4, 5),
(1, 18, 0.3, 7),
(2, 18, 0.3, 4),
(3, 18, 0, 0),
(4, 18, 0, 0),
(5, 18, 0, 0),
(6, 18, 0, 0),
(7, 18, 0, 0),
(8, 18, 0, 0),
(9, 18, 0, 0),
(10, 18, 0, 0),
(11, 18, 0, 0),
(12, 18, 0, 0),
(1, 19, 0.8, 3),
(2, 19, 0.4, 5),
(3, 19, 0.2, 10),
(4, 19, 0.7, 5),
(5, 19, 0.2, 9),
(6, 19, 0, 0),
(7, 19, 0, 0),
(8, 19, 0, 0),
(9, 19, 0, 0),
(10, 19, 0, 0),
(11, 19, 0, 0),
(12, 19, 0, 0),
(1, 20, 0, 0),
(2, 20, 0, 0),
(3, 20, 0, 0),
(4, 20, 0, 0),
(5, 20, 0, 0),
(6, 20, 0, 0),
(7, 20, 0, 0),
(8, 20, 0, 0),
(9, 20, 0, 0),
(10, 20, 0, 0),
(11, 20, 0, 0),
(12, 20, 0, 0),
(1, 21, 0, 0),
(2, 21, 0, 0),
(3, 21, 0, 0),
(4, 21, 0, 0),
(5, 21, 0, 0),
(6, 21, 0, 0),
(7, 21, 0, 0),
(8, 21, 0, 0),
(9, 21, 0, 0),
(10, 21, 0, 0),
(11, 21, 0, 0),
(12, 21, 0, 0),
(1, 22, 0, 0),
(2, 22, 0, 0),
(3, 22, 0, 0),
(4, 22, 0, 0),
(5, 22, 0, 0),
(6, 22, 0, 0),
(7, 22, 0, 0),
(8, 22, 0, 0),
(9, 22, 0, 0),
(10, 22, 0, 0),
(11, 22, 0, 0),
(12, 22, 0, 0),
(1, 23, 0, 0),
(2, 23, 0, 0),
(3, 23, 0, 0),
(4, 23, 0, 0),
(5, 23, 0, 0),
(6, 23, 0, 0),
(7, 23, 0, 0),
(8, 23, 0, 0),
(9, 23, 0, 0),
(10, 23, 0, 0),
(11, 23, 0, 0),
(12, 23, 0, 0),
(1, 24, 0, 0),
(2, 24, 0, 0),
(3, 24, 0, 0),
(4, 24, 0, 0),
(5, 24, 0, 0),
(6, 24, 0, 0),
(7, 24, 0, 0),
(8, 24, 0, 0),
(9, 24, 0, 0),
(10, 24, 0, 0),
(11, 24, 0, 0),
(12, 24, 0, 0),
(1, 13, 0, 0),
(2, 13, 0, 0),
(3, 13, 0, 0),
(4, 13, 0, 0),
(5, 13, 0, 0),
(6, 13, 0, 0),
(7, 13, 0, 0),
(8, 13, 0, 0),
(9, 13, 0, 0),
(10, 13, 0, 0),
(11, 13, 0, 0),
(12, 13, 0, 0),
(1, 26, 0, 0),
(2, 26, 0, 0),
(3, 26, 0, 0),
(4, 26, 0, 0),
(5, 26, 0, 0),
(6, 26, 0, 0),
(7, 26, 0, 0),
(8, 26, 0, 0),
(9, 26, 0, 0),
(10, 26, 0, 0),
(11, 26, 0, 0),
(12, 26, 0, 0),
(1, 27, 0, 0),
(2, 27, 0, 0),
(3, 27, 0, 0),
(4, 27, 0, 0),
(5, 27, 0, 0),
(6, 27, 0, 0),
(7, 27, 0, 0),
(8, 27, 0, 0),
(9, 27, 0, 0),
(10, 27, 0, 0),
(11, 27, 0, 0),
(12, 27, 0, 0),
(1, 28, 0, 0),
(2, 28, 0, 0),
(3, 28, 0, 0),
(4, 28, 0, 0),
(5, 28, 0, 0),
(6, 28, 0, 0),
(7, 28, 0, 0),
(8, 28, 0, 0),
(9, 28, 0, 0),
(10, 28, 0, 0),
(11, 28, 0, 0),
(12, 28, 0, 0),
(1, 29, 0, 0),
(2, 29, 0, 0),
(3, 29, 0, 0),
(4, 29, 0, 0),
(5, 29, 0, 0),
(6, 29, 0, 0),
(7, 29, 0, 0),
(8, 29, 0, 0),
(9, 29, 0, 0),
(10, 29, 0, 0),
(11, 29, 0, 0),
(12, 29, 0, 0),
(1, 30, 0, 0),
(2, 30, 0, 0),
(3, 30, 0, 0),
(4, 30, 0, 0),
(5, 30, 0, 0),
(6, 30, 0, 0),
(7, 30, 0, 0),
(8, 30, 0, 0),
(9, 30, 0, 0),
(10, 30, 0, 0),
(11, 30, 0, 0),
(12, 30, 0, 0),
(1, 31, 0, 0),
(2, 31, 0, 0),
(3, 31, 0, 0),
(4, 31, 0, 0),
(5, 31, 0, 0),
(6, 31, 0, 0),
(7, 31, 0, 0),
(8, 31, 0, 0),
(9, 31, 0, 0),
(10, 31, 0, 0),
(11, 31, 0, 0),
(12, 31, 0, 0),
(1, 32, 0, 0),
(2, 32, 0, 0),
(3, 32, 0, 0),
(4, 32, 0, 0),
(5, 32, 0, 0),
(6, 32, 0, 0),
(7, 32, 0, 0),
(8, 32, 0, 0),
(9, 32, 0, 0),
(10, 32, 0, 0),
(11, 32, 0, 0),
(12, 32, 0, 0),
(1, 33, 0.2, 3),
(2, 33, 0.1, 5),
(3, 33, 0.6, 8),
(4, 33, 0, 0),
(5, 33, 0, 0),
(6, 33, 0, 0),
(7, 33, 0, 0),
(8, 33, 0, 0),
(9, 33, 0, 0),
(10, 33, 0, 0),
(11, 33, 0, 0),
(12, 33, 0, 0),
(1, 34, 0, 0),
(2, 34, 0, 0),
(3, 34, 0, 0),
(4, 34, 0, 0),
(5, 34, 0, 0),
(6, 34, 0, 0),
(7, 34, 0, 0),
(8, 34, 0, 0),
(9, 34, 0, 0),
(10, 34, 0, 0),
(11, 34, 0, 0),
(12, 34, 0, 0),
(1, 35, 0, 0),
(2, 35, 0, 0),
(3, 35, 0, 0),
(4, 35, 0, 0),
(5, 35, 0, 0),
(6, 35, 0, 0),
(7, 35, 0, 0),
(8, 35, 0, 0),
(9, 35, 0, 0),
(10, 35, 0, 0),
(11, 35, 0, 0),
(12, 35, 0, 0),
(1, 36, 0, 0),
(2, 36, 0, 0),
(3, 36, 0, 0),
(4, 36, 0, 0),
(5, 36, 0, 0),
(6, 36, 0, 0),
(7, 36, 0, 0),
(8, 36, 0, 0),
(9, 36, 0, 0),
(10, 36, 0, 0),
(11, 36, 0, 0),
(12, 36, 0, 0),
(1, 37, 0, 0),
(2, 37, 0, 0),
(3, 37, 0, 0),
(4, 37, 0, 0),
(5, 37, 0, 0),
(6, 37, 0, 0),
(7, 37, 0, 0),
(8, 37, 0, 0),
(9, 37, 0, 0),
(10, 37, 0, 0),
(11, 37, 0, 0),
(12, 37, 0, 0),
(1, 38, 0, 0),
(2, 38, 0, 0),
(3, 38, 0, 0),
(4, 38, 0, 0),
(5, 38, 0, 0),
(6, 38, 0, 0),
(7, 38, 0, 0),
(8, 38, 0, 0),
(9, 38, 0, 0),
(10, 38, 0, 0),
(11, 38, 0, 0),
(12, 38, 0, 0),
(1, 39, 0, 0),
(2, 39, 0, 0),
(3, 39, 0, 0),
(4, 39, 0, 0),
(5, 39, 0, 0),
(6, 39, 0, 0),
(7, 39, 0, 0),
(8, 39, 0, 0),
(9, 39, 0, 0),
(10, 39, 0, 0),
(11, 39, 0, 0),
(12, 39, 0, 0),
(1, 40, 0, 0),
(2, 40, 0, 0),
(3, 40, 0, 0),
(4, 40, 0, 0),
(5, 40, 0, 0),
(6, 40, 0, 0),
(7, 40, 0, 0),
(8, 40, 0, 0),
(9, 40, 0, 0),
(10, 40, 0, 0),
(11, 40, 0, 0),
(12, 40, 0, 0),
(1, 41, 0, 0),
(2, 41, 0, 0),
(3, 41, 0, 0),
(4, 41, 0, 0),
(5, 41, 0, 0),
(6, 41, 0, 0),
(7, 41, 0, 0),
(8, 41, 0, 0),
(9, 41, 0, 0),
(10, 41, 0, 0),
(11, 41, 0, 0),
(12, 41, 0, 0),
(1, 42, 0, 0),
(2, 42, 0, 0),
(3, 42, 0, 0),
(4, 42, 0, 0),
(5, 42, 0, 0),
(6, 42, 0, 0),
(7, 42, 0, 0),
(8, 42, 0, 0),
(9, 42, 0, 0),
(10, 42, 0, 0),
(11, 42, 0, 0),
(12, 42, 0, 0);

-- --------------------------------------------------------

--
-- Tabellenstruktur für Tabelle `Chance_Measures_Excerpt`
--

CREATE TABLE IF NOT EXISTS `Chance_Measures_Excerpt` (
`measures_id` int(11) NOT NULL,
  `question_id` int(11) NOT NULL,
  `measure` text NOT NULL,
  `weight` float NOT NULL,
  `influence_factor` varchar(255) NOT NULL
) ENGINE=InnoDB AUTO_INCREMENT=13 DEFAULT CHARSET=latin1;

--
-- Daten für Tabelle `Chance_Measures_Excerpt`
--

INSERT INTO `Chance_Measures_Excerpt` (`measures_id`, `question_id`, `measure`, `weight`, `influence_factor`) VALUES
(1, 1, 'Die Identifikation der eigenen Kompetenzen und der Ihres potenziellen Projektpartners wird empfohlen. ', 0.963235, 'Kompetenzverhältnis'),
(2, 2, 'Es wird die proaktive Anbahnung einer Zusammenarbeit mit Partnern aus der Wissenschaft empfohlen. ', 0.963235, 'Erfahrungsüberzeugung'),
(3, 3, 'Es wird die gezielte Zusammenarbeit mit innovativen Partnern mit breitem und aktuellen Wissensniveau empfohlen. ', 0.935714, 'Knowhow-Defizite'),
(4, 4, 'Sind Ihre potenziellen Innovationspartner interdisziplinär aufgestellt?', 0.935714, 'Interdisziplinarität'),
(5, 5, 'Es wird bei Feststellung fehlender interner Kompetenzen die Zusammenarbeit mit externen Partnern empfohlen. ', 0.891156, 'Ressourcendefizite'),
(6, 6, 'Es wird die gezielte Zusammenarbeit mit innovativen Partnern mit breitem und aktuellen Wissensniveau empfohlen. ', 0.891156, 'Wissenshalbwertzeit'),
(7, 7, 'Identifikation von Partnern mit komplementären Produkt- und Produkttechnologien, wenn diese relevant sein könnten. ', 0.86755, 'Technologiedruck'),
(8, 8, 'Es wird eine Kooperation mit externen Experten empfohlen. ', 0.929078, 'Kompetenzverhältnis'),
(9, 9, 'Es wird eine Kooperation empfohlen. ', 0.89726, 'Innovationserfolg'),
(10, 10, 'Es wird eine Kooperation empfohlen. ', 0.861842, 'Produkte- und Dienstleistungsqualität'),
(11, 11, 'Es wird eine Kooperation empfohlen. ', 0.861842, 'Produkte- und Dienstleistungsqualität'),
(12, 12, 'Es wird eine Kooperation empfohlen. ', 0.829114, 'Potenziale ');

-- --------------------------------------------------------

--
-- Tabellenstruktur für Tabelle `Chance_Questions_Excerpt`
--

CREATE TABLE IF NOT EXISTS `Chance_Questions_Excerpt` (
`question_id` int(11) NOT NULL,
  `super_class_id` int(11) NOT NULL,
  `sub_class_id` int(11) NOT NULL,
  `class_id` int(11) NOT NULL,
  `influence_factor` text NOT NULL,
  `question` text NOT NULL,
  `weight` float NOT NULL
) ENGINE=InnoDB AUTO_INCREMENT=13 DEFAULT CHARSET=latin1;

--
-- Daten für Tabelle `Chance_Questions_Excerpt`
--

INSERT INTO `Chance_Questions_Excerpt` (`question_id`, `super_class_id`, `sub_class_id`, `class_id`, `influence_factor`, `question`, `weight`) VALUES
(1, 1, 4, 19, 'Kompetenzverhältnis', 'Würden Sie die Kompetenzen Ihres potenziellen Projektpartners höher einschätzen als Ihre eigenen?', 0.963235),
(2, 1, 4, 19, 'Erfahrungsüberzeugung', 'Sind Sie der Meinung, dass Sie von dem Austausch mit externen wissenschaftlichen Partnern bei der Entwicklung innovativer Produkte profitieren können?', 0.963235),
(3, 1, 4, 17, 'Knowhow-Defizite', 'Mussten Sie in der Vergangenheit auf Innovationsprojekte verzichten, da internes Knowhow fehlte?', 0.935714),
(4, 1, 4, 17, 'Interdisziplinarität', 'Sind Ihre potenziellen Innovationspartner interdisziplinär aufgestellt?', 0.935714),
(5, 1, 4, 18, 'Ressourcendefizite', 'Mussten Sie in der Vergangenheit auf Innovationsprojekte verzichten, da die internen Kapazitäten mit relevantem Wissen zu diesem Zeitpunkt ausgelastet waren?', 0.891156),
(6, 1, 4, 18, 'Wissenshalbwertzeit', 'Sind Sie der Meinung, dass Ihr Unternehmen nicht auf dem neuesten wissenschaftlichen Stand ist?', 0.891156),
(7, 1, 4, 16, 'Technologiedruck', 'Befinden Sie sich in einer Branche, in der rasche Veränderungen von Produkt- und Produktionstechnologien sowie ein starker Technologiewettbewerb herrschen? ', 0.86755),
(8, 2, 7, 29, 'Kompetenzverhältnis', 'Sind externe Experten zur Projektlaufzeit von Innovationsprojekten verfügbar?', 0.929078),
(9, 2, 11, 37, 'Innovationserfolg', 'Waren vergangene Innovationsprojekte erfolgreich?', 0.89726),
(10, 2, 11, 36, 'Produkte- und Dienstleistungsqualität', 'Streben Sie eine Produkt-/ Dienstleistungsverbesserung an?', 0.861842),
(11, 2, 11, 36, 'Produkte- und Dienstleistungsqualität', 'Ist eine Produkt- bzw. Dienstleistungsverbesserung Ihrer Meinung nicht allein durch den Einsatz Ihrer eigenen Ressourcen erreichbar? ', 0.861842),
(12, 2, 9, 32, 'Potenziale ', 'Strebene Sie eine Optimierung der Nutzung von Potenzialen an? ', 0.829114);

-- --------------------------------------------------------

--
-- Tabellenstruktur für Tabelle `Chance_Sub_Class`
--

CREATE TABLE IF NOT EXISTS `Chance_Sub_Class` (
`sub_class_id` int(11) NOT NULL,
  `sub_class_name` varchar(255) NOT NULL
) ENGINE=InnoDB AUTO_INCREMENT=21 DEFAULT CHARSET=latin1;

--
-- Daten für Tabelle `Chance_Sub_Class`
--

INSERT INTO `Chance_Sub_Class` (`sub_class_id`, `sub_class_name`) VALUES
(1, 'Strategie'),
(2, 'Kultur'),
(3, 'Interne und externe Beziehung'),
(4, 'Wissenmanagement'),
(5, 'Tangible Ressourcen'),
(6, 'Aufwand für Aufgabenkoordination, -überwachung, - seuerung sowie alle weiteren Aktivitäten zur Erreichung der Organisationsziele'),
(7, 'Entitäten'),
(8, 'Gates'),
(9, 'Phasen'),
(10, 'Zeit'),
(11, 'Ergebnisse'),
(12, 'Fortschritt'),
(13, 'Property'),
(14, 'Imitation'),
(15, 'Product piracy'),
(16, 'Contractional Law'),
(17, 'Employee Invention Law'),
(18, 'Environmental Law'),
(19, 'Patents'),
(20, 'Competition Law');

-- --------------------------------------------------------

--
-- Tabellenstruktur für Tabelle `Chance_Super_Class`
--

CREATE TABLE IF NOT EXISTS `Chance_Super_Class` (
`super_class_id` int(11) NOT NULL,
  `super_class_name` varchar(255) NOT NULL
) ENGINE=InnoDB AUTO_INCREMENT=4 DEFAULT CHARSET=latin1;

--
-- Daten für Tabelle `Chance_Super_Class`
--

INSERT INTO `Chance_Super_Class` (`super_class_id`, `super_class_name`) VALUES
(1, 'Organisational'),
(2, 'Prozess'),
(3, 'Legal');

-- --------------------------------------------------------

--
-- Tabellenstruktur für Tabelle `Formalization_Evaluation`
--

CREATE TABLE IF NOT EXISTS `Formalization_Evaluation` (
  `question_id` int(11) NOT NULL,
  `evaluation` float NOT NULL,
  `account_id` int(11) NOT NULL
) ENGINE=InnoDB DEFAULT CHARSET=latin1;

--
-- Daten für Tabelle `Formalization_Evaluation`
--

INSERT INTO `Formalization_Evaluation` (`question_id`, `evaluation`, `account_id`) VALUES
(1, 0.5, 13),
(1, 0.6, 4),
(2, 0.7, 4),
(3, 0.6, 4),
(4, 0.6, 4),
(5, 0.9, 4),
(6, 0.7, 4),
(7, 0.5, 4),
(8, 0.7, 4),
(9, 0.2, 4),
(1, 0.5, 13),
(1, 0.7, 2),
(2, 0.9, 2),
(3, 0.8, 2),
(4, 0.9, 2),
(5, 1, 2),
(6, 0.7, 2),
(7, 0.8, 2),
(8, 0.8, 2),
(9, 0.9, 2),
(1, 0, 10),
(2, 0, 10),
(3, 0, 10),
(4, 0, 10),
(5, 0, 10),
(6, 0, 10),
(7, 0, 10),
(8, 0, 10),
(9, 0, 10),
(1, 0, 11),
(2, 0, 11),
(3, 0, 11),
(4, 0, 11),
(5, 0, 11),
(6, 0, 11),
(7, 0, 11),
(8, 0, 11),
(9, 0, 11),
(1, 0, 12),
(2, 0, 12),
(3, 0, 12),
(4, 0, 12),
(5, 0, 12),
(6, 0, 12),
(7, 0, 12),
(8, 0, 12),
(9, 0, 12),
(1, 0.4, 14),
(2, 0.6, 14),
(3, 0.4, 14),
(4, 0.5, 14),
(5, 0.3, 14),
(6, 0.4, 14),
(7, 0.3, 14),
(8, 0.6, 14),
(9, 0.3, 14),
(1, 0.3, 16),
(2, 0.3, 16),
(3, 0.3, 16),
(4, 0.3, 16),
(5, 0.3, 16),
(6, 0.3, 16),
(7, 0.3, 16),
(8, 0.3, 16),
(9, 0.3, 16),
(1, 0, 17),
(2, 0, 17),
(3, 0, 17),
(4, 0, 17),
(5, 0, 17),
(6, 0, 17),
(7, 0, 17),
(8, 0, 17),
(9, 0, 17);

-- --------------------------------------------------------

--
-- Tabellenstruktur für Tabelle `Formalization_Questions`
--

CREATE TABLE IF NOT EXISTS `Formalization_Questions` (
`question_id` int(11) NOT NULL,
  `question` text NOT NULL,
  `max` varchar(45) NOT NULL,
  `min` varchar(45) NOT NULL
) ENGINE=InnoDB AUTO_INCREMENT=10 DEFAULT CHARSET=latin1;

--
-- Daten für Tabelle `Formalization_Questions`
--

INSERT INTO `Formalization_Questions` (`question_id`, `question`, `max`, `min`) VALUES
(1, 'Ganz allgemein gefragt, wie formal gestaltete sich die Zusammenarbeit im Projekt?', 'Sehr formal', 'Informal'),
(2, 'Für die Kooperation gab es ein aufgestelltes Werk an Regeln und Grundsätzen für die Zusammenarbeit.', 'Stimme voll zu', 'Stimme absolut nicht zu'),
(3, 'Wir überwachten die Einhaltung von Regeln und Grundsätzen für die Zusammenarbeit.', 'Stimme voll zu', 'Stimme absolut nicht zu'),
(4, 'Der Projektverlauf wurde regelmäßig nach einem vorgegebenen Schema dokumentiert.', 'Stimme voll zu', 'Stimme absolut nicht zu'),
(5, 'Die Zusammenarbeit mit externen Partnern wurde vertraglich detailliert geregelt.', 'Stimme voll zu', 'Stimme absolut nicht zu'),
(6, 'Für einen koordinierten Ablauf der Kooperation wurden Satndardprozesse eingeführt (z.B. Treffen, Dokumentation etc.)', 'Stimme voll zu', 'Stimme absolut nicht zu'),
(7, 'Die Zusammenarbeit unter den Kooperationspartnern gestaltete sich überwiegend informal auf Laissez-Faire-Basis.', 'Stimme voll zu', 'Stimme absolut nicht zu'),
(8, 'Bei unvorhergesehenen Vorkommnissen haben die Partner spontan und kreativ reagiert anstatt sich an Standards zu orientieren.', 'Stimme voll zu', 'Stimme absolut nicht zu'),
(9, 'Das Kooperationsziel wurde maßgeblich durch spontane Treffen und Aktionen erreicht.', 'Stimme voll zu', 'Stimme absolut nicht zu');

-- --------------------------------------------------------

--
-- Tabellenstruktur für Tabelle `Project`
--

CREATE TABLE IF NOT EXISTS `Project` (
`project_id` int(11) NOT NULL,
  `account_id` int(11) NOT NULL,
  `project_name` varchar(75) NOT NULL,
  `project_description` text NOT NULL,
  `project_inactive` tinyint(4) DEFAULT NULL
) ENGINE=InnoDB AUTO_INCREMENT=43 DEFAULT CHARSET=latin1;

--
-- Daten für Tabelle `Project`
--

INSERT INTO `Project` (`project_id`, `account_id`, `project_name`, `project_description`, `project_inactive`) VALUES
(1, 4, 'OpenDarkness-Toolentwicklung', 'Geschlossene Entwicklung (Eigenentwicklung)', 0),
(2, 4, 'OpenDarkness-Toolentwicklung', 'Teilweise geöffnete Entwicklung (durch Firma xyz)', 0),
(3, 4, 'OpenDarkness-Toolentwicklung', 'Kooperative Entwicklung (Universität Potsdam, Universität Paderborn, RWTH Aachen)', 0),
(4, 2, 'Vorführeffekt', 'Der Vorführeffekt tritt immer dann ein, wenn man eine Vorführung hat. Das Finden einer Möglichkeit diesen zu minimieren ist Bestandteil dieses Projekts. ', 0),
(33, 16, 'P1', '\n', 0),
(39, 14, 'TestOD', '\n', 0),
(40, 4, 'Test to be deleted', 'Test Projekt EINS\n', 1),
(42, 4, 'Löschmich again', 'Hi, DU!\n', 0);

-- --------------------------------------------------------

--
-- Tabellenstruktur für Tabelle `Proximity_Evaluation`
--

CREATE TABLE IF NOT EXISTS `Proximity_Evaluation` (
  `question_id` int(11) NOT NULL,
  `evaluation` float NOT NULL,
  `account_id` int(11) NOT NULL
) ENGINE=InnoDB DEFAULT CHARSET=latin1;

--
-- Daten für Tabelle `Proximity_Evaluation`
--

INSERT INTO `Proximity_Evaluation` (`question_id`, `evaluation`, `account_id`) VALUES
(1, 0.2, 4),
(2, 0.1, 4),
(3, 0, 4),
(4, 0, 4),
(5, 0.2, 4),
(6, 0.3, 4),
(7, 0.3, 4),
(8, 0.5, 4),
(9, 0.5, 4),
(10, 0.5, 4),
(11, 0.1, 4),
(12, 0.1, 4),
(13, 0.4, 4),
(14, 0.5, 4),
(15, 0.4, 4),
(16, 0.4, 4),
(17, 0.4, 4),
(1, 0.8, 2),
(2, 1, 2),
(3, 0.9, 2),
(4, 1, 2),
(5, 0.8, 2),
(6, 0.8, 2),
(7, 1, 2),
(8, 0.8, 2),
(9, 0.9, 2),
(10, 0.9, 2),
(11, 0.8, 2),
(12, 0.8, 2),
(13, 0.9, 2),
(14, 0.8, 2),
(15, 0.8, 2),
(16, 1, 2),
(17, 0.9, 2),
(1, 0, 10),
(2, 0, 10),
(3, 0, 10),
(4, 0, 10),
(5, 0, 10),
(6, 0, 10),
(7, 0, 10),
(8, 0, 10),
(9, 0, 10),
(10, 0, 10),
(11, 0, 10),
(12, 0, 10),
(13, 0, 10),
(14, 0, 10),
(15, 0, 10),
(16, 0, 10),
(17, 0, 10),
(1, 0, 11),
(2, 0, 11),
(3, 0, 11),
(4, 0, 11),
(5, 0, 11),
(6, 0, 11),
(7, 0, 11),
(8, 0, 11),
(9, 0, 11),
(10, 0, 11),
(11, 0, 11),
(12, 0, 11),
(13, 0, 11),
(14, 0, 11),
(15, 0, 11),
(16, 0, 11),
(17, 0, 11),
(1, 0, 12),
(2, 0, 12),
(3, 0, 12),
(4, 0, 12),
(5, 0, 12),
(6, 0, 12),
(7, 0, 12),
(8, 0, 12),
(9, 0, 12),
(10, 0, 12),
(11, 0, 12),
(12, 0, 12),
(13, 0, 12),
(14, 0, 12),
(15, 0, 12),
(16, 0, 12),
(17, 0, 12),
(1, 0.3, 14),
(2, 0.2, 14),
(3, 0.4, 14),
(4, 0.3, 14),
(5, 0.1, 14),
(6, 0.3, 14),
(7, 0.1, 14),
(8, 0.5, 14),
(9, 0.8, 14),
(10, 0.2, 14),
(11, 0.4, 14),
(12, 0.2, 14),
(13, 0.5, 14),
(14, 0.1, 14),
(15, 0, 14),
(16, 0.2, 14),
(17, 0.2, 14),
(1, 0.1, 16),
(2, 0.1, 16),
(3, 0.1, 16),
(4, 0.1, 16),
(5, 0.1, 16),
(6, 0.1, 16),
(7, 0.1, 16),
(8, 0.1, 16),
(9, 0.1, 16),
(10, 0.1, 16),
(11, 0.1, 16),
(12, 0.1, 16),
(13, 0.1, 16),
(14, 0.1, 16),
(15, 0.1, 16),
(16, 0.1, 16),
(17, 0.1, 16),
(1, 0, 17),
(2, 0, 17),
(3, 0, 17),
(4, 0, 17),
(5, 0, 17),
(6, 0, 17),
(7, 0, 17),
(8, 0, 17),
(9, 0, 17),
(10, 0, 17),
(11, 0, 17),
(12, 0, 17),
(13, 0, 17),
(14, 0, 17),
(15, 0, 17),
(16, 0, 17),
(17, 0, 17);

-- --------------------------------------------------------

--
-- Tabellenstruktur für Tabelle `Proximity_Formalization_Maßnahme`
--

CREATE TABLE IF NOT EXISTS `Proximity_Formalization_Maßnahme` (
`type_id` int(11) NOT NULL,
  `type` varchar(45) NOT NULL,
  `description` text NOT NULL
) ENGINE=InnoDB AUTO_INCREMENT=5 DEFAULT CHARSET=latin1;

--
-- Daten für Tabelle `Proximity_Formalization_Maßnahme`
--

INSERT INTO `Proximity_Formalization_Maßnahme` (`type_id`, `type`, `description`) VALUES
(1, 'Typ A', 'Rechte und Pflichten sind klar zwischen den Beteiligten der Kooperation verteilt. Die fokale Organisation führt die Unternehmung. Projektorientierte Arbeitsteilung und Steuerung erfolgt mittels klassischer Koordinationsinstrumente (z.B. Allianz)'),
(2, 'Typ B', 'Projektaufgaben sind klar unter den Beteiligten der zeitlich befristeten Kollaboration aufgeteilt. Projektaktivitäten werden mit Hilfe von IuK TEchnologie koordiniert (z.B. Open Source Software).'),
(3, 'Typ C', 'Kollaboration ist auf allgemeine, zukünftige strategische Ziele ausgerichtet. Beteiligte fokussioren indirekt ihreAktivitäten auf das gemeinsame Ziel (z.B. Konsortium, strategisches Netzwerk).'),
(4, 'Typ D', 'Es gibt eine stille Übereinkunft bzg. Rechte und Pflichten zur Erreichung des Kooperationsziels. Kollaborationsmitglieder treffen gemeinsame Entscheidungen. Beteiligte kennen sich nicht sehr gut (z.B. verteiltes Problemlösen, Innovationswettbewerb).');

-- --------------------------------------------------------

--
-- Tabellenstruktur für Tabelle `Proximity_Questions`
--

CREATE TABLE IF NOT EXISTS `Proximity_Questions` (
`question_id` int(11) NOT NULL,
  `question` text NOT NULL,
  `max` varchar(45) NOT NULL,
  `min` varchar(45) NOT NULL
) ENGINE=InnoDB AUTO_INCREMENT=18 DEFAULT CHARSET=latin1;

--
-- Daten für Tabelle `Proximity_Questions`
--

INSERT INTO `Proximity_Questions` (`question_id`, `question`, `max`, `min`) VALUES
(1, 'Wie weit entfernt von der Grenze Ihres Unternehmens fand die Zusammenarbeit im Rahmen des prototypischen Innovationsprojektes statt?', 'Sehr nah', 'Sehr weit entfernt'),
(2, 'Wie verteilt oder konzentriert würden Sie die räumliche Ausdehnung Ihrer Kooperationspartner beschreiben?', 'Konzentriert', 'Verteilt'),
(3, 'Wie lang ist die durchschnittliche Flugzeit, um alle involvierten Projektpartner zu erreichen?', 'Kurz (Subjektiv)', 'Lang (Subjektiv)'),
(4, 'Wie würden Sie Ihre Kooperations beschreiben?', 'National - Europäisch', 'Europäisch - International'),
(5, 'Das Verständnis von Zusammenarbeitsprozessen unter den Kooperationspartnern war...', 'Sehr ähnlich', 'Sehr unähnlich'),
(6, 'Abläufe für den Wissensaustausch mit den Kooperationspartner waren unter den beteiligten Partnern...', 'Sehr ähnlich', 'Sehr unähnlich'),
(7, 'Die organisationale Struktur des Arbeitsumfeldes aller Kooperationspartner war...', 'Sehr ähnlich', 'Sehr unähnlich'),
(8, 'Der rechtliche Handlungsspielraum der Kooperationspartner war...', 'Sehr ähnlich', 'Sehr unähnlich'),
(9, 'Werte- und Normalvorstellungen unter den Kooperationspartnern waren...', 'Sehr ähnlich', 'Sehr unähnlich'),
(10, 'Die Herangehensweise an die Lösung der Kooperationsaufgabe unter den Partnern war...', 'Sehr ähnlich', 'Sehr unähnlich'),
(11, 'Wir kannten die einzelnen Kooperationspartner...', 'Sehr gut', 'Gar nicht'),
(12, 'Unsere Kooperationspartner und wir waren Teil des gleichen Netzwerkes.', 'Stimme voll zu', 'Stimme absolut nicht zu'),
(13, 'Die Beziehung zwischen den Kooperationspartnern war...', 'Etabliert', 'Nicht etabliert'),
(14, 'Die vorhandene Interdisziplinarität innerhalb der Kooperation war...', 'Sehr hoch', 'Sehr gering'),
(15, 'Un/Bekannte Wissendomänen - Problem vs. Lösung Problem.', 'Sehr nah', 'Sehr fern'),
(16, 'Die Erfahrung der Kooperationspartner mit dem zu lösenden Problem im Rahmen der Zusammenarbeit war...', 'Sehr hoch', 'Sehr gering'),
(17, 'Die vorhandenen Expertisen der einzelnen Kooperationen war...', 'Sehr hoch', 'Sehr gering');

-- --------------------------------------------------------

--
-- Tabellenstruktur für Tabelle `Risikoeinstellung_Bewertung`
--

CREATE TABLE IF NOT EXISTS `Risikoeinstellung_Bewertung` (
  `question_id` int(11) NOT NULL,
  `evaluation` float NOT NULL,
  `account_id` int(11) DEFAULT NULL
) ENGINE=InnoDB DEFAULT CHARSET=latin1;

--
-- Daten für Tabelle `Risikoeinstellung_Bewertung`
--

INSERT INTO `Risikoeinstellung_Bewertung` (`question_id`, `evaluation`, `account_id`) VALUES
(1, 0.5, 4),
(2, 0.3, 4),
(3, 0.3, 4),
(4, 0.5, 4),
(5, 0.3, 4),
(6, 0.1, 4),
(7, 0.2, 4),
(1, 0.8, 2),
(2, 0.9, 2),
(3, 0.9, 2),
(4, 0.9, 2),
(5, 0.8, 2),
(6, 1, 2),
(7, 0.9, 2),
(1, 0, 10),
(2, 0, 10),
(3, 0, 10),
(4, 0, 10),
(5, 0, 10),
(6, 0, 10),
(7, 0, 10),
(1, 0.5, 11),
(2, 0, 11),
(3, 0, 11),
(4, 0, 11),
(5, 0, 11),
(6, 0, 11),
(7, 0, 11),
(1, 0, 12),
(2, 0, 12),
(3, 0, 12),
(4, 0, 12),
(5, 0, 12),
(6, 0, 12),
(7, 0, 12),
(1, 0.5, 14),
(2, 0.6, 14),
(3, 0.4, 14),
(4, 0.8, 14),
(5, 0.6, 14),
(6, 0.4, 14),
(7, 0.7, 14),
(1, 0.1, 16),
(2, 0.1, 16),
(3, 0.1, 16),
(4, 0.1, 16),
(5, 0.1, 16),
(6, 0, 16),
(7, 0, 16),
(1, 0, 17),
(2, 0, 17),
(3, 0, 17),
(4, 0, 17),
(5, 0, 17),
(6, 0, 17),
(7, 0, 17);

-- --------------------------------------------------------

--
-- Tabellenstruktur für Tabelle `Risikoeinstellung_Fragen`
--

CREATE TABLE IF NOT EXISTS `Risikoeinstellung_Fragen` (
`question_id` int(11) NOT NULL,
  `question` varchar(255) NOT NULL
) ENGINE=InnoDB AUTO_INCREMENT=8 DEFAULT CHARSET=latin1;

--
-- Daten für Tabelle `Risikoeinstellung_Fragen`
--

INSERT INTO `Risikoeinstellung_Fragen` (`question_id`, `question`) VALUES
(1, 'Auch in schwierigen Situationen behalte ich den Überblick.'),
(2, 'Das Unbekannte empfange ich mit offenen Armen.'),
(3, 'Ich betrachte riskante Situationen als eine Herausforderung.'),
(4, 'Gerade in riskanten Situationen passieren mir hin und wieder Fehler.'),
(5, 'Von der Qualität meiner Entscheidungen bin ich überzeugt.'),
(6, 'Ich bedenke nicht immer alle Konsequenzen.'),
(7, 'Auch bei großen Risiken bleibe ich gelassen.');

-- --------------------------------------------------------

--
-- Tabellenstruktur für Tabelle `Risikoeinstellung_Maßnahmen`
--

CREATE TABLE IF NOT EXISTS `Risikoeinstellung_Maßnahmen` (
`type_id` int(11) NOT NULL,
  `type` varchar(45) NOT NULL,
  `decsription` text NOT NULL
) ENGINE=InnoDB AUTO_INCREMENT=4 DEFAULT CHARSET=latin1;

--
-- Daten für Tabelle `Risikoeinstellung_Maßnahmen`
--

INSERT INTO `Risikoeinstellung_Maßnahmen` (`type_id`, `type`, `decsription`) VALUES
(1, 'Risikoavers', 'FILL'),
(2, 'Risikoneutral', 'FILL'),
(3, 'Risikoaffin', 'FILL');

-- --------------------------------------------------------

--
-- Tabellenstruktur für Tabelle `Risk_Class`
--

CREATE TABLE IF NOT EXISTS `Risk_Class` (
`class_id` int(11) NOT NULL,
  `class_name` varchar(255) DEFAULT NULL
) ENGINE=InnoDB AUTO_INCREMENT=46 DEFAULT CHARSET=latin1;

--
-- Daten für Tabelle `Risk_Class`
--

INSERT INTO `Risk_Class` (`class_id`, `class_name`) VALUES
(1, 'Öffnung der Unternehmensgrenzen'),
(2, 'Gegenläufigkeit/ Supmergenz von U-Strategie und OI-Strategie, Effizienzverlust, überflüssige Arbeiten\n'),
(3, 'Unklare Kommunikation der OI-Zielstellung'),
(4, 'Mitarbeiterakzeptanz der Prozessöffnung'),
(5, 'Kultureller Wertemangel\n'),
(6, 'Unsicherheiten in Bezug auf die Einbindung des externen Partners\n'),
(7, 'Auswahl des falschen Partners'),
(8, 'Konkrete Gefahr ausgehend vom Partner\n'),
(9, 'Hohe Abhängigkeit vom externen Partner\n'),
(10, 'Integration von sicherheitskritischen Partnern\n'),
(11, 'Ungewollter Wissensabfluss (intern und extern, Kernkompetenzen, Key-Knowledge)\n'),
(12, 'Informationsüberflutung\n'),
(13, 'Ineffiziente Ressourcenverwendung\n'),
(14, 'Koordinationsprobleme'),
(15, 'Erhöhter Schulungs- und Motivationsbedarf der Mitarbeiter\n'),
(16, 'Monetäre Ineffizeinz\n'),
(17, 'Finanzielle Engpässe\n'),
(18, 'Falscher Einsatz der IT-Systeme\n'),
(19, 'Abwanderung von Mitarbeitern mit Expertenwissen zum Koorperationspartner\n'),
(20, 'Falsche, unsichere oder verzögerte Entscheidungsfindung durch komplexere Entscheidungsstrukturen\n'),
(21, 'Projektbewertungsdefizite (durch verschenkte Potenziale?)\n'),
(22, 'Nichtbeachtung von Innovationspotentialen während des Prozessverlaufs\n'),
(23, 'Verzögerungen mit Auswirkungen auf den Projektverlauf\n'),
(24, 'Verfolgung und Realisierung unattraktiver Ideen\n'),
(25, 'Abnehmende eigene Innovationskraft\n'),
(26, 'Geringe Ergebnisqualität\n'),
(27, 'Ergebnispotenziale bleiben ungenutzt\n'),
(28, 'Langsamere Produktentwicklung\n'),
(29, 'Ineffizienz bei Produktion und Vertrieb\n'),
(30, 'Keine vollumfängliche Kontrolle eventuell bestehender Haftungsrisiken zu Lasten des Unternehmens\n'),
(31, 'Keine vollumfängliche rechtliche Kontrolle des Verhaltens Dritter bei deren Einbeziehung in Open Innovation projekten\n'),
(32, 'Different levels of contractual experience compared to big enterprises (as potential partners) Unterschiedliche Erfahrungsstände bei der Ausgestaltung von Kooperationsverträgen\n'),
(33, 'Keine vollumfängliche Kontrolle im Zusammenhang mit bei Innovationswettbewerben eventuell bestehenden Haftungsrisiken zu Lasten des Unternehmens\n'),
(34, 'Unsicherheiten über den Bestand immaterieller Schutzrechte am Gegenstand des Innovationswettbewerbs zugunsten Dritter bzw. zugunsten des den Beitrag einreichenden Wettbewerbsteilnehmers\n'),
(35, 'Überforderung des Unternehmens mit der eigenständigen Organisation des Innovationswettbewerbs ohne Zuhilfenahme Dritter\n'),
(36, 'Durchführung des Internetwettbewerbs kann nicht jederzeit unternehmensseitig ohne unerwünschte juristische Folgen abgebrochen werden, sodass eine Fortführung das intendierte Ziel des Wettbewerbs verfehlt.\n'),
(37, 'Teilnahmebedingungen für den Internetwettbewerb können nicht jederzeit nach dem Willen des Unternehmens einseitig abgeändert werden, sodass das intendierte Ziel des Wettbewerbs verfehlt wird.\n'),
(38, 'Verlauf und/oder Ergebnis des Internetwettbewerbs wird durch den Einsatz von Fake Usern, Robots o.Ä. verfälscht\n'),
(39, 'Konkurrenzunternehmen können Inhalte des Internetwettbewerbs zur Kenntnis nehmen und so Wissen akkumulieren, indem deren Mitarbeiter oder Vertretern die Möglichkeit zur Teilnahme daran geboten wird\n'),
(40, 'Verfälschung des Verlaufs bzw. des Ergebnis des Wettbewerbs durch sog. deviant user\n'),
(41, 'Mitteilung von Informationen, die Teilnehmer erstmals im Rahmen des Internetwettbewerbs erlangen, an Dritte\n'),
(42, 'Spätere Einreichung der Beiträge (oder Teilen davon), welche Teilnehmer im Rahmen des vom Unternehmen initiierten Innovationswettbewerbs eingereicht haben, bei Innovationswettbewerben anderer Anbieter\n'),
(43, 'Einzelne Teilnehmer übertragen – bewusst oder unbewusst –Schadsoftware o.Ä. im Zusammenhang mit den von ihnen online eingereichten Beiträgen auf die für den Internetwettbewerb verwendete IT-Infrastruktur\n'),
(44, 'Bestimmte Teilnehmer(gruppen), deren Einbeziehung als positiv eingeschätzt wird, werden durch den Innovationswettbewerb nicht adäquat erreicht und deshalb werden  keine geeigneten Beiträge eingereicht\n'),
(45, 'Beiträge, die eingereicht werden, erreichen generell nicht eine unternehmensseitig (implizit) vorausgesetzte inhaltliche Mindestqualität\n');

-- --------------------------------------------------------

--
-- Tabellenstruktur für Tabelle `Risk_Evaluations`
--

CREATE TABLE IF NOT EXISTS `Risk_Evaluations` (
  `project_id` int(11) NOT NULL,
  `question_id` int(11) NOT NULL,
  `probability` float NOT NULL,
  `extent` float NOT NULL
) ENGINE=InnoDB DEFAULT CHARSET=latin1;

--
-- Daten für Tabelle `Risk_Evaluations`
--

INSERT INTO `Risk_Evaluations` (`project_id`, `question_id`, `probability`, `extent`) VALUES
(13, 1, 0, 0),
(13, 2, 0, 0),
(13, 3, 0, 0),
(13, 4, 0, 0),
(13, 5, 0, 0),
(13, 6, 0, 0),
(13, 7, 0, 0),
(13, 8, 0, 0),
(13, 9, 0, 0),
(13, 10, 0, 0),
(13, 11, 0, 0),
(13, 12, 0, 0),
(13, 13, 0, 0),
(13, 14, 0, 0),
(13, 15, 0, 0),
(13, 16, 0, 0),
(13, 17, 0, 0),
(13, 18, 0, 0),
(13, 19, 0, 0),
(13, 20, 0, 0),
(13, 21, 0, 0),
(13, 22, 0, 0),
(13, 23, 0, 0),
(13, 24, 0, 0),
(13, 25, 0, 0),
(13, 26, 0, 0),
(13, 27, 0, 0),
(13, 28, 0, 0),
(13, 29, 0, 0),
(13, 30, 0, 0),
(1, 1, 1, 10),
(1, 2, 0.8, 7),
(1, 3, 0.2, 2),
(1, 4, 0.6, 7),
(1, 5, 0.4, 4),
(1, 6, 0.5, 5),
(1, 7, 0.6, 6),
(1, 8, 0.7, 7),
(1, 9, 0.8, 8),
(1, 10, 0.9, 9),
(1, 11, 1, 10),
(1, 12, 0.9, 9),
(1, 13, 0.7, 8),
(1, 14, 0.6, 7),
(1, 15, 0.6, 6),
(1, 16, 0.5, 5),
(1, 17, 0.4, 4),
(1, 18, 0.3, 3),
(1, 19, 0.2, 2),
(1, 20, 0.1, 1),
(1, 21, 0, 0),
(1, 22, 0.2, 1),
(1, 23, 0.2, 2),
(1, 24, 0.3, 3),
(1, 25, 0.4, 4),
(1, 26, 0.5, 5),
(1, 27, 0.6, 6),
(1, 28, 0.7, 7),
(1, 29, 0.8, 8),
(1, 30, 0.9, 9),
(2, 1, 0.6, 9),
(2, 2, 0.6, 7),
(2, 3, 0.5, 5),
(2, 4, 0.9, 8),
(2, 5, 0.5, 2),
(2, 6, 0.6, 1),
(2, 7, 0.2, 4),
(2, 8, 0.3, 3),
(2, 9, 0.5, 3),
(2, 10, 0.4, 4),
(2, 11, 0.2, 5),
(2, 12, 0.5, 5),
(2, 13, 0.4, 5),
(2, 14, 0.3, 3),
(2, 15, 0.3, 2),
(2, 16, 0.2, 3),
(2, 17, 0.5, 4),
(2, 18, 0.8, 3),
(2, 19, 0.3, 7),
(2, 20, 0.5, 3),
(2, 21, 0.8, 5),
(2, 22, 0.4, 4),
(2, 23, 0.3, 3),
(2, 24, 0.6, 6),
(2, 25, 0, 7),
(2, 26, 0.3, 10),
(2, 27, 1, 10),
(2, 28, 0.3, 4),
(2, 29, 0.5, 2),
(2, 30, 0.2, 2),
(3, 1, 0.7, 8),
(3, 2, 0.6, 9),
(3, 3, 0.5, 6),
(3, 4, 0.4, 3),
(3, 5, 0.5, 5),
(3, 6, 0.8, 8),
(3, 7, 0.8, 8),
(3, 8, 0.6, 5),
(3, 9, 0.7, 7),
(3, 10, 0.3, 3),
(3, 11, 0.7, 10),
(3, 12, 0.5, 5),
(3, 13, 0.4, 6),
(3, 14, 0.7, 5),
(3, 15, 0.6, 8),
(3, 16, 0.6, 3),
(3, 17, 0.7, 7),
(3, 18, 0.6, 8),
(3, 19, 0.8, 8),
(3, 20, 0.8, 9),
(3, 21, 0.7, 8),
(3, 22, 0.9, 6),
(3, 23, 0.5, 5),
(3, 24, 0.5, 6),
(3, 25, 0.9, 10),
(3, 26, 0.7, 9),
(3, 27, 0.6, 7),
(3, 28, 1, 10),
(3, 29, 0.3, 2),
(3, 30, 0.7, 5),
(4, 1, 0, 0),
(4, 2, 0, 0),
(4, 3, 0, 0),
(4, 4, 0, 0),
(4, 5, 0, 0),
(4, 6, 0, 0),
(4, 7, 0, 0),
(4, 8, 0, 0),
(4, 9, 0, 0),
(4, 10, 0, 0),
(4, 11, 0, 0),
(4, 12, 0, 0),
(4, 13, 0, 0),
(4, 14, 0, 0),
(4, 15, 0, 0),
(4, 16, 0, 0),
(4, 17, 0, 0),
(4, 18, 0, 0),
(4, 19, 0, 0),
(4, 20, 0, 0),
(4, 21, 0, 0),
(4, 22, 0, 0),
(4, 23, 0, 0),
(4, 24, 0, 0),
(4, 25, 0, 0),
(4, 26, 0, 0),
(4, 27, 0, 0),
(4, 28, 0, 0),
(4, 29, 0, 0),
(4, 30, 0, 0),
(5, 1, 0, 0),
(5, 2, 0, 0),
(5, 3, 0, 0),
(5, 4, 0, 0),
(5, 5, 0, 0),
(5, 6, 0, 0),
(5, 7, 0, 0),
(5, 8, 0, 0),
(5, 9, 0, 0),
(5, 10, 0, 0),
(5, 11, 0, 0),
(5, 12, 0, 0),
(5, 13, 0, 0),
(5, 14, 0, 0),
(5, 15, 0, 0),
(5, 16, 0, 0),
(5, 17, 0, 0),
(5, 18, 0, 0),
(5, 19, 0, 0),
(5, 20, 0, 0),
(5, 21, 0, 0),
(5, 22, 0, 0),
(5, 23, 0, 0),
(5, 24, 0, 0),
(5, 25, 0, 0),
(5, 26, 0, 0),
(5, 27, 0, 0),
(5, 28, 0, 0),
(5, 29, 0, 0),
(5, 30, 0, 0),
(6, 1, 0, 0),
(6, 2, 0, 0),
(6, 3, 0, 0),
(6, 4, 0, 0),
(6, 5, 0, 0),
(6, 6, 0, 0),
(6, 7, 0, 0),
(6, 8, 0, 0),
(6, 9, 0, 0),
(6, 10, 0, 0),
(6, 11, 0, 0),
(6, 12, 0, 0),
(6, 13, 0, 0),
(6, 14, 0, 0),
(6, 15, 0, 0),
(6, 16, 0, 0),
(6, 17, 0, 0),
(6, 18, 0, 0),
(6, 19, 0, 0),
(6, 20, 0, 0),
(6, 21, 0, 0),
(6, 22, 0, 0),
(6, 23, 0, 0),
(6, 24, 0, 0),
(6, 25, 0, 0),
(6, 26, 0, 0),
(6, 27, 0, 0),
(6, 28, 0, 0),
(6, 29, 0, 0),
(6, 30, 0, 0),
(7, 1, 0, 0),
(7, 2, 0, 0),
(7, 3, 0, 0),
(7, 4, 0, 0),
(7, 5, 0, 0),
(7, 6, 0, 0),
(7, 7, 0, 0),
(7, 8, 0, 0),
(7, 9, 0, 0),
(7, 10, 0, 0),
(7, 11, 0, 0),
(7, 12, 0, 0),
(7, 13, 0, 0),
(7, 14, 0, 0),
(7, 15, 0, 0),
(7, 16, 0, 0),
(7, 17, 0, 0),
(7, 18, 0, 0),
(7, 19, 0, 0),
(7, 20, 0, 0),
(7, 21, 0, 0),
(7, 22, 0, 0),
(7, 23, 0, 0),
(7, 24, 0, 0),
(7, 25, 0, 0),
(7, 26, 0, 0),
(7, 27, 0, 0),
(7, 28, 0, 0),
(7, 29, 0, 0),
(7, 30, 0, 0),
(8, 1, 0, 0),
(8, 2, 0, 0),
(8, 3, 0, 0),
(8, 4, 0, 0),
(8, 5, 0, 0),
(8, 6, 0, 0),
(8, 7, 0, 0),
(8, 8, 0, 0),
(8, 9, 0, 0),
(8, 10, 0, 0),
(8, 11, 0, 0),
(8, 12, 0, 0),
(8, 13, 0, 0),
(8, 14, 0, 0),
(8, 15, 0, 0),
(8, 16, 0, 0),
(8, 17, 0, 0),
(8, 18, 0, 0),
(8, 19, 0, 0),
(8, 20, 0, 0),
(8, 21, 0, 0),
(8, 22, 0, 0),
(8, 23, 0, 0),
(8, 24, 0, 0),
(8, 25, 0, 0),
(8, 26, 0, 0),
(8, 27, 0, 0),
(8, 28, 0, 0),
(8, 29, 0, 0),
(8, 30, 0, 0),
(9, 1, 0, 0),
(9, 2, 0, 0),
(9, 3, 0, 0),
(9, 4, 0, 0),
(9, 5, 0, 0),
(9, 6, 0, 0),
(9, 7, 0, 0),
(9, 8, 0, 0),
(9, 9, 0, 0),
(9, 10, 0, 0),
(9, 11, 0, 0),
(9, 12, 0, 0),
(9, 13, 0, 0),
(9, 14, 0, 0),
(9, 15, 0, 0),
(9, 16, 0, 0),
(9, 17, 0, 0),
(9, 18, 0, 0),
(9, 19, 0, 0),
(9, 20, 0, 0),
(9, 21, 0, 0),
(9, 22, 0, 0),
(9, 23, 0, 0),
(9, 24, 0, 0),
(9, 25, 0, 0),
(9, 26, 0, 0),
(9, 27, 0, 0),
(9, 28, 0, 0),
(9, 29, 0, 0),
(9, 30, 0, 0),
(10, 1, 0, 0),
(10, 2, 0, 0),
(10, 3, 0, 0),
(10, 4, 0, 0),
(10, 5, 0, 0),
(10, 6, 0, 0),
(10, 7, 0, 0),
(10, 8, 0, 0),
(10, 9, 0, 0),
(10, 10, 0, 0),
(10, 11, 0, 0),
(10, 12, 0, 0),
(10, 13, 0, 0),
(10, 14, 0, 0),
(10, 15, 0, 0),
(10, 16, 0, 0),
(10, 17, 0, 0),
(10, 18, 0, 0),
(10, 19, 0, 0),
(10, 20, 0, 0),
(10, 21, 0, 0),
(10, 22, 0, 0),
(10, 23, 0, 0),
(10, 24, 0, 0),
(10, 25, 0, 0),
(10, 26, 0, 0),
(10, 27, 0, 0),
(10, 28, 0, 0),
(10, 29, 0, 0),
(10, 30, 0, 0),
(11, 1, 0, 0),
(11, 2, 0, 0),
(11, 3, 0, 0),
(11, 4, 0, 0),
(11, 5, 0, 0),
(11, 6, 0, 0),
(11, 7, 0, 0),
(11, 8, 0, 0),
(11, 9, 0, 0),
(11, 10, 0, 0),
(11, 11, 0, 0),
(11, 12, 0, 0),
(11, 13, 0, 0),
(11, 14, 0, 0),
(11, 15, 0, 0),
(11, 16, 0, 0),
(11, 17, 0, 0),
(11, 18, 0, 0),
(11, 19, 0, 0),
(11, 20, 0, 0),
(11, 21, 0, 0),
(11, 22, 0, 0),
(11, 23, 0, 0),
(11, 24, 0, 0),
(11, 25, 0, 0),
(11, 26, 0, 0),
(11, 27, 0, 0),
(11, 28, 0, 0),
(11, 29, 0, 0),
(11, 30, 0, 0),
(12, 1, 0, 0),
(12, 2, 0, 0),
(12, 3, 0, 0),
(12, 4, 0, 0),
(12, 5, 0, 0),
(12, 6, 0, 0),
(12, 7, 0, 0),
(12, 8, 0, 0),
(12, 9, 0, 0),
(12, 10, 0, 0),
(12, 11, 0, 0),
(12, 12, 0, 0),
(12, 13, 0, 0),
(12, 14, 0, 0),
(12, 15, 0, 0),
(12, 16, 0, 0),
(12, 17, 0, 0),
(12, 18, 0, 0),
(12, 19, 0, 0),
(12, 20, 0, 0),
(12, 21, 0, 0),
(12, 22, 0, 0),
(12, 23, 0, 0),
(12, 24, 0, 0),
(12, 25, 0, 0),
(12, 26, 0, 0),
(12, 27, 0, 0),
(12, 28, 0, 0),
(12, 29, 0, 0),
(12, 30, 0, 0),
(13, 1, 0, 0),
(13, 2, 0, 0),
(13, 3, 0, 0),
(13, 4, 0, 0),
(13, 5, 0, 0),
(13, 6, 0, 0),
(13, 7, 0, 0),
(13, 8, 0, 0),
(13, 9, 0, 0),
(13, 10, 0, 0),
(13, 11, 0, 0),
(13, 12, 0, 0),
(13, 13, 0, 0),
(13, 14, 0, 0),
(13, 15, 0, 0),
(13, 16, 0, 0),
(13, 17, 0, 0),
(13, 18, 0, 0),
(13, 19, 0, 0),
(13, 20, 0, 0),
(13, 21, 0, 0),
(13, 22, 0, 0),
(13, 23, 0, 0),
(13, 24, 0, 0),
(13, 25, 0, 0),
(13, 26, 0, 0),
(13, 27, 0, 0),
(13, 28, 0, 0),
(13, 29, 0, 0),
(13, 30, 0, 0),
(12, 1, 0, 0),
(12, 2, 0, 0),
(12, 3, 0, 0),
(12, 4, 0, 0),
(12, 5, 0, 0),
(12, 6, 0, 0),
(12, 7, 0, 0),
(12, 8, 0, 0),
(12, 9, 0, 0),
(12, 10, 0, 0),
(12, 11, 0, 0),
(12, 12, 0, 0),
(12, 13, 0, 0),
(12, 14, 0, 0),
(12, 15, 0, 0),
(12, 16, 0, 0),
(12, 17, 0, 0),
(12, 18, 0, 0),
(12, 19, 0, 0),
(12, 20, 0, 0),
(12, 21, 0, 0),
(12, 22, 0, 0),
(12, 23, 0, 0),
(12, 24, 0, 0),
(12, 25, 0, 0),
(12, 26, 0, 0),
(12, 27, 0, 0),
(12, 28, 0, 0),
(12, 29, 0, 0),
(12, 30, 0, 0),
(15, 1, 0, 0),
(15, 2, 0, 0),
(15, 3, 0, 0),
(15, 4, 0, 0),
(15, 5, 0, 0),
(15, 6, 0, 0),
(15, 7, 0, 0),
(15, 8, 0, 0),
(15, 9, 0, 0),
(15, 10, 0, 0),
(15, 11, 0, 0),
(15, 12, 0, 0),
(15, 13, 0, 0),
(15, 14, 0, 0),
(15, 15, 0, 0),
(15, 16, 0, 0),
(15, 17, 0, 0),
(15, 18, 0, 0),
(15, 19, 0, 0),
(15, 20, 0, 0),
(15, 21, 0, 0),
(15, 22, 0, 0),
(15, 23, 0, 0),
(15, 24, 0, 0),
(15, 25, 0, 0),
(15, 26, 0, 0),
(15, 27, 0, 0),
(15, 28, 0, 0),
(15, 29, 0, 0),
(15, 30, 0, 0),
(16, 1, 0, 0),
(16, 2, 0, 0),
(16, 3, 0, 0),
(16, 4, 0, 0),
(16, 5, 0, 0),
(16, 6, 0, 0),
(16, 7, 0, 0),
(16, 8, 0, 0),
(16, 9, 0, 0),
(16, 10, 0, 0),
(16, 11, 0, 0),
(16, 12, 0, 0),
(16, 13, 0, 0),
(16, 14, 0, 0),
(16, 15, 0, 0),
(16, 16, 0, 0),
(16, 17, 0, 0),
(16, 18, 0, 0),
(16, 19, 0, 0),
(16, 20, 0, 0),
(16, 21, 0, 0),
(16, 22, 0, 0),
(16, 23, 0, 0),
(16, 24, 0, 0),
(16, 25, 0, 0),
(16, 26, 0, 0),
(16, 27, 0, 0),
(16, 28, 0, 0),
(16, 29, 0, 0),
(16, 30, 0, 0),
(17, 1, 0.4, 3),
(17, 2, 0.5, 2),
(17, 3, 0.3, 5),
(17, 4, 0.8, 7),
(17, 5, 0.5, 4),
(17, 6, 0.5, 4),
(17, 7, 0.3, 4),
(17, 8, 0.3, 9),
(17, 9, 0.7, 6),
(17, 10, 0.4, 4),
(17, 11, 0.6, 5),
(17, 12, 0.4, 4),
(17, 13, 0.6, 3),
(17, 14, 0.4, 3),
(17, 15, 0.8, 9),
(17, 16, 0.4, 3),
(17, 17, 0.4, 5),
(17, 18, 0.7, 3),
(17, 19, 0.5, 6),
(17, 20, 0.5, 6),
(17, 21, 0.6, 8),
(17, 22, 0.5, 9),
(17, 23, 0.4, 5),
(17, 24, 0.4, 6),
(17, 25, 0.7, 5),
(17, 26, 0.4, 5),
(17, 27, 0.5, 4),
(17, 28, 0.6, 5),
(17, 29, 0.4, 6),
(17, 30, 0.3, 4),
(18, 1, 0, 0),
(18, 2, 0, 0),
(18, 3, 0, 0),
(18, 4, 0, 0),
(18, 5, 0, 0),
(18, 6, 0, 0),
(18, 7, 0, 0),
(18, 8, 0, 0),
(18, 9, 0, 0),
(18, 10, 0, 0),
(18, 11, 0, 0),
(18, 12, 0, 0),
(18, 13, 0, 0),
(18, 14, 0, 0),
(18, 15, 0, 0),
(18, 16, 0, 0),
(18, 17, 0, 0),
(18, 18, 0, 0),
(18, 19, 0, 0),
(18, 20, 0, 0),
(18, 21, 0, 0),
(18, 22, 0, 0),
(18, 23, 0, 0),
(18, 24, 0, 0),
(18, 25, 0, 0),
(18, 26, 0, 0),
(18, 27, 0, 0),
(18, 28, 0, 0),
(18, 29, 0, 0),
(18, 30, 0, 0),
(19, 1, 0, 0),
(19, 2, 0, 0),
(19, 3, 0, 0),
(19, 4, 0, 0),
(19, 5, 0, 0),
(19, 6, 0, 0),
(19, 7, 0, 0),
(19, 8, 0, 0),
(19, 9, 0, 0),
(19, 10, 0, 0),
(19, 11, 0, 0),
(19, 12, 0, 0),
(19, 13, 0, 0),
(19, 14, 0, 0),
(19, 15, 0, 0),
(19, 16, 0, 0),
(19, 17, 0, 0),
(19, 18, 0, 0),
(19, 19, 0, 0),
(19, 20, 0, 0),
(19, 21, 0, 0),
(19, 22, 0, 0),
(19, 23, 0, 0),
(19, 24, 0, 0),
(19, 25, 0, 0),
(19, 26, 0, 0),
(19, 27, 0, 0),
(19, 28, 0, 0),
(19, 29, 0, 0),
(19, 30, 0, 0),
(20, 1, 0, 0),
(20, 2, 0, 0),
(20, 3, 0, 0),
(20, 4, 0, 0),
(20, 5, 0, 0),
(20, 6, 0, 0),
(20, 7, 0, 0),
(20, 8, 0, 0),
(20, 9, 0, 0),
(20, 10, 0, 0),
(20, 11, 0, 0),
(20, 12, 0, 0),
(20, 13, 0, 0),
(20, 14, 0, 0),
(20, 15, 0, 0),
(20, 16, 0, 0),
(20, 17, 0, 0),
(20, 18, 0, 0),
(20, 19, 0, 0),
(20, 20, 0, 0),
(20, 21, 0, 0),
(20, 22, 0, 0),
(20, 23, 0, 0),
(20, 24, 0, 0),
(20, 25, 0, 0),
(20, 26, 0, 0),
(20, 27, 0, 0),
(20, 28, 0, 0),
(20, 29, 0, 0),
(20, 30, 0, 0),
(21, 1, 0, 0),
(21, 2, 0, 0),
(21, 3, 0, 0),
(21, 4, 0, 0),
(21, 5, 0, 0),
(21, 6, 0, 0),
(21, 7, 0, 0),
(21, 8, 0, 0),
(21, 9, 0, 0),
(21, 10, 0, 0),
(21, 11, 0, 0),
(21, 12, 0, 0),
(21, 13, 0, 0),
(21, 14, 0, 0),
(21, 15, 0, 0),
(21, 16, 0, 0),
(21, 17, 0, 0),
(21, 18, 0, 0),
(21, 19, 0, 0),
(21, 20, 0, 0),
(21, 21, 0, 0),
(21, 22, 0, 0),
(21, 23, 0, 0),
(21, 24, 0, 0),
(21, 25, 0, 0),
(21, 26, 0, 0),
(21, 27, 0, 0),
(21, 28, 0, 0),
(21, 29, 0, 0),
(21, 30, 0, 0),
(22, 1, 0, 0),
(22, 2, 0, 0),
(22, 3, 0, 0),
(22, 4, 0, 0),
(22, 5, 0, 0),
(22, 6, 0, 0),
(22, 7, 0, 0),
(22, 8, 0, 0),
(22, 9, 0, 0),
(22, 10, 0, 0),
(22, 11, 0, 0),
(22, 12, 0, 0),
(22, 13, 0, 0),
(22, 14, 0, 0),
(22, 15, 0, 0),
(22, 16, 0, 0),
(22, 17, 0, 0),
(22, 18, 0, 0),
(22, 19, 0, 0),
(22, 20, 0, 0),
(22, 21, 0, 0),
(22, 22, 0, 0),
(22, 23, 0, 0),
(22, 24, 0, 0),
(22, 25, 0, 0),
(22, 26, 0, 0),
(22, 27, 0, 0),
(22, 28, 0, 0),
(22, 29, 0, 0),
(22, 30, 0, 0),
(23, 1, 0, 0),
(23, 2, 0, 0),
(23, 3, 0, 0),
(23, 4, 0, 0),
(23, 5, 0, 0),
(23, 6, 0, 0),
(23, 7, 0, 0),
(23, 8, 0, 0),
(23, 9, 0, 0),
(23, 10, 0, 0),
(23, 11, 0, 0),
(23, 12, 0, 0),
(23, 13, 0, 0),
(23, 14, 0, 0),
(23, 15, 0, 0),
(23, 16, 0, 0),
(23, 17, 0, 0),
(23, 18, 0, 0),
(23, 19, 0, 0),
(23, 20, 0, 0),
(23, 21, 0, 0),
(23, 22, 0, 0),
(23, 23, 0, 0),
(23, 24, 0, 0),
(23, 25, 0, 0),
(23, 26, 0, 0),
(23, 27, 0, 0),
(23, 28, 0, 0),
(23, 29, 0, 0),
(23, 30, 0, 0),
(24, 1, 0, 0),
(24, 2, 0, 0),
(24, 3, 0, 0),
(24, 4, 0, 0),
(24, 5, 0, 0),
(24, 6, 0, 0),
(24, 7, 0, 0),
(24, 8, 0, 0),
(24, 9, 0, 0),
(24, 10, 0, 0),
(24, 11, 0, 0),
(24, 12, 0, 0),
(24, 13, 0, 0),
(24, 14, 0, 0),
(24, 15, 0, 0),
(24, 16, 0, 0),
(24, 17, 0, 0),
(24, 18, 0, 0),
(24, 19, 0, 0),
(24, 20, 0, 0),
(24, 21, 0, 0),
(24, 22, 0, 0),
(24, 23, 0, 0),
(24, 24, 0, 0),
(24, 25, 0, 0),
(24, 26, 0, 0),
(24, 27, 0, 0),
(24, 28, 0, 0),
(24, 29, 0, 0),
(24, 30, 0, 0),
(13, 1, 0, 0),
(13, 2, 0, 0),
(13, 3, 0, 0),
(13, 4, 0, 0),
(13, 5, 0, 0),
(13, 6, 0, 0),
(13, 7, 0, 0),
(13, 8, 0, 0),
(13, 9, 0, 0),
(13, 10, 0, 0),
(13, 11, 0, 0),
(13, 12, 0, 0),
(13, 13, 0, 0),
(13, 14, 0, 0),
(13, 15, 0, 0),
(13, 16, 0, 0),
(13, 17, 0, 0),
(13, 18, 0, 0),
(13, 19, 0, 0),
(13, 20, 0, 0),
(13, 21, 0, 0),
(13, 22, 0, 0),
(13, 23, 0, 0),
(13, 24, 0, 0),
(13, 25, 0, 0),
(13, 26, 0, 0),
(13, 27, 0, 0),
(13, 28, 0, 0),
(13, 29, 0, 0),
(13, 30, 0, 0),
(26, 1, 0, 0),
(26, 2, 0, 0),
(26, 3, 0, 0),
(26, 4, 0, 0),
(26, 5, 0, 0),
(26, 6, 0, 0),
(26, 7, 0, 0),
(26, 8, 0, 0),
(26, 9, 0, 0),
(26, 10, 0, 0),
(26, 11, 0, 0),
(26, 12, 0, 0),
(26, 13, 0, 0),
(26, 14, 0, 0),
(26, 15, 0, 0),
(26, 16, 0, 0),
(26, 17, 0, 0),
(26, 18, 0, 0),
(26, 19, 0, 0),
(26, 20, 0, 0),
(26, 21, 0, 0),
(26, 22, 0, 0),
(26, 23, 0, 0),
(26, 24, 0, 0),
(26, 25, 0, 0),
(26, 26, 0, 0),
(26, 27, 0, 0),
(26, 28, 0, 0),
(26, 29, 0, 0),
(26, 30, 0, 0),
(27, 1, 0, 0),
(27, 2, 0, 0),
(27, 3, 0, 0),
(27, 4, 0, 0),
(27, 5, 0, 0),
(27, 6, 0, 0),
(27, 7, 0, 0),
(27, 8, 0, 0),
(27, 9, 0, 0),
(27, 10, 0, 0),
(27, 11, 0, 0),
(27, 12, 0, 0),
(27, 13, 0, 0),
(27, 14, 0, 0),
(27, 15, 0, 0),
(27, 16, 0, 0),
(27, 17, 0, 0),
(27, 18, 0, 0),
(27, 19, 0, 0),
(27, 20, 0, 0),
(27, 21, 0, 0),
(27, 22, 0, 0),
(27, 23, 0, 0),
(27, 24, 0, 0),
(27, 25, 0, 0),
(27, 26, 0, 0),
(27, 27, 0, 0),
(27, 28, 0, 0),
(27, 29, 0, 0),
(27, 30, 0, 0),
(28, 1, 0, 0),
(28, 2, 0, 0),
(28, 3, 0, 0),
(28, 4, 0, 0),
(28, 5, 0, 0),
(28, 6, 0, 0),
(28, 7, 0, 0),
(28, 8, 0, 0),
(28, 9, 0, 0),
(28, 10, 0, 0),
(28, 11, 0, 0),
(28, 12, 0, 0),
(28, 13, 0, 0),
(28, 14, 0, 0),
(28, 15, 0, 0),
(28, 16, 0, 0),
(28, 17, 0, 0),
(28, 18, 0, 0),
(28, 19, 0, 0),
(28, 20, 0, 0),
(28, 21, 0, 0),
(28, 22, 0, 0),
(28, 23, 0, 0),
(28, 24, 0, 0),
(28, 25, 0, 0),
(28, 26, 0, 0),
(28, 27, 0, 0),
(28, 28, 0, 0),
(28, 29, 0, 0),
(28, 30, 0, 0),
(29, 1, 0, 0),
(29, 2, 0, 0),
(29, 3, 0, 0),
(29, 4, 0, 0),
(29, 5, 0, 0),
(29, 6, 0, 0),
(29, 7, 0, 0),
(29, 8, 0, 0),
(29, 9, 0, 0),
(29, 10, 0, 0),
(29, 11, 0, 0),
(29, 12, 0, 0),
(29, 13, 0, 0),
(29, 14, 0, 0),
(29, 15, 0, 0),
(29, 16, 0, 0),
(29, 17, 0, 0),
(29, 18, 0, 0),
(29, 19, 0, 0),
(29, 20, 0, 0),
(29, 21, 0, 0),
(29, 22, 0, 0),
(29, 23, 0, 0),
(29, 24, 0, 0),
(29, 25, 0, 0),
(29, 26, 0, 0),
(29, 27, 0, 0),
(29, 28, 0, 0),
(29, 29, 0, 0),
(29, 30, 0, 0),
(30, 1, 0, 0),
(30, 2, 0, 0),
(30, 3, 0, 0),
(30, 4, 0, 0),
(30, 5, 0, 0),
(30, 6, 0, 0),
(30, 7, 0, 0),
(30, 8, 0, 0),
(30, 9, 0, 0),
(30, 10, 0, 0),
(30, 11, 0, 0),
(30, 12, 0, 0),
(30, 13, 0, 0),
(30, 14, 0, 0),
(30, 15, 0, 0),
(30, 16, 0, 0),
(30, 17, 0, 0),
(30, 18, 0, 0),
(30, 19, 0, 0),
(30, 20, 0, 0),
(30, 21, 0, 0),
(30, 22, 0, 0),
(30, 23, 0, 0),
(30, 24, 0, 0),
(30, 25, 0, 0),
(30, 26, 0, 0),
(30, 27, 0, 0),
(30, 28, 0, 0),
(30, 29, 0, 0),
(30, 30, 0, 0),
(31, 1, 0, 0),
(31, 2, 0, 0),
(31, 3, 0, 0),
(31, 4, 0, 0),
(31, 5, 0, 0),
(31, 6, 0, 0),
(31, 7, 0, 0),
(31, 8, 0, 0),
(31, 9, 0, 0),
(31, 10, 0, 0),
(31, 11, 0, 0),
(31, 12, 0, 0),
(31, 13, 0, 0),
(31, 14, 0, 0),
(31, 15, 0, 0),
(31, 16, 0, 0),
(31, 17, 0, 0),
(31, 18, 0, 0),
(31, 19, 0, 0),
(31, 20, 0, 0),
(31, 21, 0, 0),
(31, 22, 0, 0),
(31, 23, 0, 0),
(31, 24, 0, 0),
(31, 25, 0, 0),
(31, 26, 0, 0),
(31, 27, 0, 0),
(31, 28, 0, 0),
(31, 29, 0, 0),
(31, 30, 0, 0),
(32, 1, 0, 0),
(32, 2, 0, 0),
(32, 3, 0, 0),
(32, 4, 0, 0),
(32, 5, 0, 0),
(32, 6, 0, 0),
(32, 7, 0, 0),
(32, 8, 0, 0),
(32, 9, 0, 0),
(32, 10, 0, 0),
(32, 11, 0, 0),
(32, 12, 0, 0),
(32, 13, 0, 0),
(32, 14, 0, 0),
(32, 15, 0, 0),
(32, 16, 0, 0),
(32, 17, 0, 0),
(32, 18, 0, 0),
(32, 19, 0, 0),
(32, 20, 0, 0),
(32, 21, 0, 0),
(32, 22, 0, 0),
(32, 23, 0, 0),
(32, 24, 0, 0),
(32, 25, 0, 0),
(32, 26, 0, 0),
(32, 27, 0, 0),
(32, 28, 0, 0),
(32, 29, 0, 0),
(32, 30, 0, 0),
(33, 1, 0, 0),
(33, 2, 0, 0),
(33, 3, 0, 0),
(33, 4, 0, 0),
(33, 5, 0, 0),
(33, 6, 0, 0),
(33, 7, 0, 0),
(33, 8, 0, 0),
(33, 9, 0, 0),
(33, 10, 0, 0),
(33, 11, 0, 0),
(33, 12, 0, 0),
(33, 13, 0, 0),
(33, 14, 0, 0),
(33, 15, 0, 0),
(33, 16, 0, 0),
(33, 17, 0, 0),
(33, 18, 0, 0),
(33, 19, 0, 0),
(33, 20, 0, 0),
(33, 21, 0, 0),
(33, 22, 0, 0),
(33, 23, 0, 0),
(33, 24, 0, 0),
(33, 25, 0, 0),
(33, 26, 0, 0),
(33, 27, 0, 0),
(33, 28, 0, 0),
(33, 29, 0, 0),
(33, 30, 0, 0),
(34, 1, 0, 0),
(34, 2, 0, 0),
(34, 3, 0, 0),
(34, 4, 0, 0),
(34, 5, 0, 0),
(34, 6, 0, 0),
(34, 7, 0, 0),
(34, 8, 0, 0),
(34, 9, 0, 0),
(34, 10, 0, 0),
(34, 11, 0, 0),
(34, 12, 0, 0),
(34, 13, 0, 0),
(34, 14, 0, 0),
(34, 15, 0, 0),
(34, 16, 0, 0),
(34, 17, 0, 0),
(34, 18, 0, 0),
(34, 19, 0, 0),
(34, 20, 0, 0),
(34, 21, 0, 0),
(34, 22, 0, 0),
(34, 23, 0, 0),
(34, 24, 0, 0),
(34, 25, 0, 0),
(34, 26, 0, 0),
(34, 27, 0, 0),
(34, 28, 0, 0),
(34, 29, 0, 0),
(34, 30, 0, 0),
(35, 1, 0, 0),
(35, 2, 0, 0),
(35, 3, 0, 0),
(35, 4, 0, 0),
(35, 5, 0, 0),
(35, 6, 0, 0),
(35, 7, 0, 0),
(35, 8, 0, 0),
(35, 9, 0, 0),
(35, 10, 0, 0),
(35, 11, 0, 0),
(35, 12, 0, 0),
(35, 13, 0, 0),
(35, 14, 0, 0),
(35, 15, 0, 0),
(35, 16, 0, 0),
(35, 17, 0, 0),
(35, 18, 0, 0),
(35, 19, 0, 0),
(35, 20, 0, 0),
(35, 21, 0, 0),
(35, 22, 0, 0),
(35, 23, 0, 0),
(35, 24, 0, 0),
(35, 25, 0, 0),
(35, 26, 0, 0),
(35, 27, 0, 0),
(35, 28, 0, 0),
(35, 29, 0, 0),
(35, 30, 0, 0),
(36, 1, 0, 0),
(36, 2, 0, 0),
(36, 3, 0, 0),
(36, 4, 0, 0),
(36, 5, 0, 0),
(36, 6, 0, 0),
(36, 7, 0, 0),
(36, 8, 0, 0),
(36, 9, 0, 0),
(36, 10, 0, 0),
(36, 11, 0, 0),
(36, 12, 0, 0),
(36, 13, 0, 0),
(36, 14, 0, 0),
(36, 15, 0, 0),
(36, 16, 0, 0),
(36, 17, 0, 0),
(36, 18, 0, 0),
(36, 19, 0, 0),
(36, 20, 0, 0),
(36, 21, 0, 0),
(36, 22, 0, 0),
(36, 23, 0, 0),
(36, 24, 0, 0),
(36, 25, 0, 0),
(36, 26, 0, 0),
(36, 27, 0, 0),
(36, 28, 0, 0),
(36, 29, 0, 0),
(36, 30, 0, 0),
(37, 1, 0, 0),
(37, 2, 0, 0),
(37, 3, 0, 0),
(37, 4, 0, 0),
(37, 5, 0, 0),
(37, 6, 0, 0),
(37, 7, 0, 0),
(37, 8, 0, 0),
(37, 9, 0, 0),
(37, 10, 0, 0),
(37, 11, 0, 0),
(37, 12, 0, 0),
(37, 13, 0, 0),
(37, 14, 0, 0),
(37, 15, 0, 0),
(37, 16, 0, 0),
(37, 17, 0, 0),
(37, 18, 0, 0),
(37, 19, 0, 0),
(37, 20, 0, 0),
(37, 21, 0, 0),
(37, 22, 0, 0),
(37, 23, 0, 0),
(37, 24, 0, 0),
(37, 25, 0, 0),
(37, 26, 0, 0),
(37, 27, 0, 0),
(37, 28, 0, 0),
(37, 29, 0, 0),
(37, 30, 0, 0),
(38, 1, 0, 0),
(38, 2, 0, 0),
(38, 3, 0, 0),
(38, 4, 0, 0),
(38, 5, 0, 0),
(38, 6, 0, 0),
(38, 7, 0, 0),
(38, 8, 0, 0),
(38, 9, 0, 0),
(38, 10, 0, 0),
(38, 11, 0, 0),
(38, 12, 0, 0),
(38, 13, 0, 0),
(38, 14, 0, 0),
(38, 15, 0, 0),
(38, 16, 0, 0),
(38, 17, 0, 0),
(38, 18, 0, 0),
(38, 19, 0, 0),
(38, 20, 0, 0),
(38, 21, 0, 0),
(38, 22, 0, 0),
(38, 23, 0, 0),
(38, 24, 0, 0),
(38, 25, 0, 0),
(38, 26, 0, 0),
(38, 27, 0, 0),
(38, 28, 0, 0),
(38, 29, 0, 0),
(38, 30, 0, 0),
(39, 1, 0, 0),
(39, 2, 0, 0),
(39, 3, 0, 0),
(39, 4, 0, 0),
(39, 5, 0, 0),
(39, 6, 0, 0),
(39, 7, 0, 0),
(39, 8, 0, 0),
(39, 9, 0, 0),
(39, 10, 0, 0),
(39, 11, 0, 0),
(39, 12, 0, 0),
(39, 13, 0, 0),
(39, 14, 0, 0),
(39, 15, 0, 0),
(39, 16, 0, 0),
(39, 17, 0, 0),
(39, 18, 0, 0),
(39, 19, 0, 0),
(39, 20, 0, 0),
(39, 21, 0, 0),
(39, 22, 0, 0),
(39, 23, 0, 0),
(39, 24, 0, 0),
(39, 25, 0, 0),
(39, 26, 0, 0),
(39, 27, 0, 0),
(39, 28, 0, 0),
(39, 29, 0, 0),
(39, 30, 0, 0),
(40, 1, 0, 0),
(40, 2, 0, 0),
(40, 3, 0, 0),
(40, 4, 0, 0),
(40, 5, 0, 0),
(40, 6, 0, 0),
(40, 7, 0, 0),
(40, 8, 0, 0),
(40, 9, 0, 0),
(40, 10, 0, 0),
(40, 11, 0, 0),
(40, 12, 0, 0),
(40, 13, 0, 0),
(40, 14, 0, 0),
(40, 15, 0, 0),
(40, 16, 0, 0),
(40, 17, 0, 0),
(40, 18, 0, 0),
(40, 19, 0, 0),
(40, 20, 0, 0),
(40, 21, 0, 0),
(40, 22, 0, 0),
(40, 23, 0, 0),
(40, 24, 0, 0),
(40, 25, 0, 0),
(40, 26, 0, 0),
(40, 27, 0, 0),
(40, 28, 0, 0),
(40, 29, 0, 0),
(40, 30, 0, 0),
(41, 1, 0, 0),
(41, 2, 0, 0),
(41, 3, 0, 0),
(41, 4, 0, 0),
(41, 5, 0, 0),
(41, 6, 0, 0),
(41, 7, 0, 0),
(41, 8, 0, 0),
(41, 9, 0, 0),
(41, 10, 0, 0),
(41, 11, 0, 0),
(41, 12, 0, 0),
(41, 13, 0, 0),
(41, 14, 0, 0),
(41, 15, 0, 0),
(41, 16, 0, 0),
(41, 17, 0, 0),
(41, 18, 0, 0),
(41, 19, 0, 0),
(41, 20, 0, 0),
(41, 21, 0, 0),
(41, 22, 0, 0),
(41, 23, 0, 0),
(41, 24, 0, 0),
(41, 25, 0, 0),
(41, 26, 0, 0),
(41, 27, 0, 0),
(41, 28, 0, 0),
(41, 29, 0, 0),
(41, 30, 0, 0),
(42, 1, 0, 0),
(42, 2, 0, 0),
(42, 3, 0, 0),
(42, 4, 0, 0),
(42, 5, 0, 0),
(42, 6, 0, 0),
(42, 7, 0, 0),
(42, 8, 0, 0),
(42, 9, 0, 0),
(42, 10, 0, 0),
(42, 11, 0, 0),
(42, 12, 0, 0),
(42, 13, 0, 0),
(42, 14, 0, 0),
(42, 15, 0, 0),
(42, 16, 0, 0),
(42, 17, 0, 0),
(42, 18, 0, 0),
(42, 19, 0, 0),
(42, 20, 0, 0),
(42, 21, 0, 0),
(42, 22, 0, 0),
(42, 23, 0, 0),
(42, 24, 0, 0),
(42, 25, 0, 0),
(42, 26, 0, 0),
(42, 27, 0, 0),
(42, 28, 0, 0),
(42, 29, 0, 0),
(42, 30, 0, 0);

-- --------------------------------------------------------

--
-- Tabellenstruktur für Tabelle `Risk_Measures`
--

CREATE TABLE IF NOT EXISTS `Risk_Measures` (
`measures_id` int(11) NOT NULL,
  `question_id` int(11) NOT NULL,
  `measure` text NOT NULL
) ENGINE=InnoDB AUTO_INCREMENT=115 DEFAULT CHARSET=latin1;

--
-- Daten für Tabelle `Risk_Measures`
--

INSERT INTO `Risk_Measures` (`measures_id`, `question_id`, `measure`) VALUES
(1, 1, 'Measure-1'),
(2, 2, 'Measure-2'),
(3, 3, 'Measure-3'),
(4, 4, 'Measure-4'),
(5, 5, 'Measure-5'),
(6, 6, 'Measure-6'),
(7, 7, 'Measure-7'),
(8, 8, 'Measure-8'),
(9, 9, 'Measure-9'),
(10, 10, 'Measure-10'),
(11, 11, 'Measure-11'),
(12, 12, 'Measure-12'),
(13, 13, 'Measure-13'),
(14, 14, 'Measure-14'),
(15, 15, 'Measure-15'),
(16, 16, 'Measure-16'),
(17, 17, 'Measure-17'),
(18, 18, 'Measure-18'),
(19, 19, 'Measure-19'),
(20, 20, 'Measure-20'),
(21, 21, 'Measure-21'),
(22, 22, 'Measure-22'),
(23, 23, 'Measure-23'),
(24, 24, 'Measure-24'),
(25, 25, 'Measure-25'),
(26, 26, 'Measure-26'),
(27, 27, 'Measure-27'),
(28, 28, 'Measure-28'),
(29, 29, 'Measure-29'),
(30, 30, 'Measure-30'),
(31, 31, 'Measure-31'),
(32, 32, 'Measure-32'),
(33, 33, 'Measure-33'),
(34, 34, 'Measure-34'),
(35, 35, 'Measure-35'),
(36, 36, 'Measure-36'),
(37, 37, 'Measure-37'),
(38, 38, 'Measure-38'),
(39, 39, 'Measure-39'),
(40, 40, 'Measure-40'),
(41, 41, 'Measure-41'),
(42, 42, 'Measure-42'),
(43, 43, 'Measure-43'),
(44, 44, 'Measure-44'),
(45, 45, 'Measure-45'),
(46, 46, 'Measure-46'),
(47, 47, 'Measure-47'),
(48, 48, 'Measure-48'),
(49, 49, 'Measure-49'),
(50, 50, 'Measure-50'),
(51, 51, 'Measure-51'),
(52, 52, 'Measure-52'),
(53, 53, 'Measure-53'),
(54, 54, 'Measure-54'),
(55, 55, 'Measure-55'),
(56, 56, 'Measure-56'),
(57, 57, 'Measure-57'),
(58, 58, 'Measure-58'),
(59, 59, 'Measure-59'),
(60, 60, 'Measure-60'),
(61, 61, 'Measure-61'),
(62, 62, 'Measure-62'),
(63, 63, 'Measure-63'),
(64, 64, 'Measure-64'),
(65, 65, 'Measure-65'),
(66, 66, 'Measure-66'),
(67, 67, 'Measure-67'),
(68, 68, 'Measure-68'),
(69, 69, 'Measure-69'),
(70, 70, 'Measure-70'),
(71, 71, 'Measure-71'),
(72, 72, 'Measure-72'),
(73, 73, 'Measure-73'),
(74, 74, 'Measure-74'),
(75, 75, 'Measure-75'),
(76, 76, 'Measure-76'),
(77, 77, 'Measure-77'),
(78, 78, 'Measure-78'),
(79, 79, 'Measure-79'),
(80, 80, 'Measure-80'),
(81, 81, 'Measure-81'),
(82, 82, 'Measure-82'),
(83, 83, 'Measure-83'),
(84, 84, 'Measure-84'),
(85, 85, 'Measure-85'),
(86, 86, 'Measure-86'),
(87, 87, 'Measure-87'),
(88, 88, 'Measure-88'),
(89, 89, 'Measure-89'),
(90, 90, 'Measure-90'),
(91, 91, 'Measure-91'),
(92, 92, 'Measure-92'),
(93, 93, 'Measure-93'),
(94, 94, 'Measure-94'),
(95, 95, 'Measure-95'),
(96, 96, 'Measure-96'),
(97, 97, 'Measure-97'),
(98, 98, 'Measure-98'),
(99, 99, 'Measure-99'),
(100, 100, 'Measure-100'),
(101, 101, 'Measure-101'),
(102, 102, 'Measure-102'),
(103, 103, 'Measure-103'),
(104, 104, 'Measure-104'),
(105, 105, 'Measure-105'),
(106, 106, 'Measure-106'),
(107, 107, 'Measure-107'),
(108, 108, 'Measure-108'),
(109, 109, 'Measure-109'),
(110, 110, 'Measure-110'),
(111, 111, 'Measure-111'),
(112, 112, 'Measure-112'),
(113, 113, 'Measure-113'),
(114, 114, 'Measure-114');

-- --------------------------------------------------------

--
-- Tabellenstruktur für Tabelle `Risk_Measures_Evaluations`
--

CREATE TABLE IF NOT EXISTS `Risk_Measures_Evaluations` (
  `measures_id` int(11) NOT NULL,
  `project_id` int(11) NOT NULL,
  `probability` float NOT NULL,
  `extent` float NOT NULL
) ENGINE=InnoDB DEFAULT CHARSET=latin1;

--
-- Daten für Tabelle `Risk_Measures_Evaluations`
--

INSERT INTO `Risk_Measures_Evaluations` (`measures_id`, `project_id`, `probability`, `extent`) VALUES
(1, 1, 1, 10),
(2, 1, 0.8, 7),
(3, 1, 0.2, 2),
(4, 1, 0.6, 7),
(5, 1, 0.4, 4),
(6, 1, 0.5, 5),
(7, 1, 0.6, 6),
(8, 1, 0.7, 7),
(9, 1, 0.8, 8),
(10, 1, 0.9, 9),
(11, 1, 1, 10),
(12, 1, 0.9, 9),
(13, 1, 0.7, 8),
(14, 1, 0.6, 7),
(15, 1, 0.6, 6),
(16, 1, 0.5, 5),
(17, 1, 0.4, 4),
(18, 1, 0.3, 3),
(19, 1, 0.2, 2),
(20, 1, 0.1, 1),
(21, 1, 0, 0),
(22, 1, 0.2, 1),
(23, 1, 0.2, 2),
(24, 1, 0.3, 3),
(25, 1, 0.4, 4),
(26, 1, 0.5, 5),
(27, 1, 0.6, 6),
(28, 1, 0.7, 7),
(29, 1, 0.8, 8),
(30, 1, 0.9, 9),
(1, 2, 0.4, 6),
(2, 2, 0.5, 3),
(3, 2, 0.3, 2),
(4, 2, 0.8, 4),
(5, 2, 0.3, 1),
(6, 2, 0.3, 1),
(7, 2, 0.1, 2),
(8, 2, 0.2, 1),
(9, 2, 0.3, 1),
(10, 2, 0.2, 2),
(11, 2, 0.2, 3),
(12, 2, 0.5, 3),
(13, 2, 0.2, 2),
(14, 2, 0.2, 2),
(15, 2, 0.2, 2),
(16, 2, 0.2, 3),
(17, 2, 0.2, 4),
(18, 2, 0.7, 3),
(19, 2, 0.3, 5),
(20, 2, 0.4, 2),
(21, 2, 0.4, 2),
(22, 2, 0.2, 3),
(23, 2, 0.2, 2),
(24, 2, 0.4, 6),
(25, 2, 0, 7),
(26, 2, 0.3, 10),
(27, 2, 0.7, 6),
(28, 2, 0.3, 4),
(29, 2, 0.5, 2),
(30, 2, 0.2, 2),
(1, 3, 0.5, 3),
(2, 3, 0.3, 4),
(3, 3, 0.1, 3),
(4, 3, 0.3, 1),
(5, 3, 0.3, 3),
(6, 3, 0.4, 4),
(7, 3, 0.3, 4),
(8, 3, 0.3, 2),
(9, 3, 0.3, 3),
(10, 3, 0.2, 1),
(11, 3, 0.3, 5),
(12, 3, 0.3, 3),
(13, 3, 0.2, 4),
(14, 3, 0.5, 3),
(15, 3, 0.3, 4),
(16, 3, 0.3, 3),
(17, 3, 0.4, 4),
(18, 3, 0.3, 4),
(19, 3, 0.4, 3),
(20, 3, 0.3, 5),
(21, 3, 0.3, 3),
(22, 3, 0.5, 3),
(23, 3, 0.1, 2),
(24, 3, 0.3, 3),
(25, 3, 0.4, 5),
(26, 3, 0.3, 3),
(27, 3, 0.2, 3),
(28, 3, 0.6, 5),
(29, 3, 0.2, 1),
(30, 3, 0.3, 1),
(1, 4, 0, 0),
(2, 4, 0, 0),
(3, 4, 0, 0),
(4, 4, 0, 0),
(5, 4, 0, 0),
(6, 4, 0, 0),
(7, 4, 0, 0),
(8, 4, 0, 0),
(9, 4, 0, 0),
(10, 4, 0, 0),
(11, 4, 0, 0),
(12, 4, 0, 0),
(13, 4, 0, 0),
(14, 4, 0, 0),
(15, 4, 0, 0),
(16, 4, 0, 0),
(17, 4, 0, 0),
(18, 4, 0, 0),
(19, 4, 0, 0),
(20, 4, 0, 0),
(21, 4, 0, 0),
(22, 4, 0, 0),
(23, 4, 0, 0),
(24, 4, 0, 0),
(25, 4, 0, 0),
(26, 4, 0, 0),
(27, 4, 0, 0),
(28, 4, 0, 0),
(29, 4, 0, 0),
(30, 4, 0, 0),
(1, 5, 0, 0),
(2, 5, 0, 0),
(3, 5, 0, 0),
(4, 5, 0, 0),
(5, 5, 0, 0),
(6, 5, 0, 0),
(7, 5, 0, 0),
(8, 5, 0, 0),
(9, 5, 0, 0),
(10, 5, 0, 0),
(11, 5, 0, 0),
(12, 5, 0, 0),
(13, 5, 0, 0),
(14, 5, 0, 0),
(15, 5, 0, 0),
(16, 5, 0, 0),
(17, 5, 0, 0),
(18, 5, 0, 0),
(19, 5, 0, 0),
(20, 5, 0, 0),
(21, 5, 0, 0),
(22, 5, 0, 0),
(23, 5, 0, 0),
(24, 5, 0, 0),
(25, 5, 0, 0),
(26, 5, 0, 0),
(27, 5, 0, 0),
(28, 5, 0, 0),
(29, 5, 0, 0),
(30, 5, 0, 0),
(1, 6, 0, 0),
(2, 6, 0, 0),
(3, 6, 0, 0),
(4, 6, 0, 0),
(5, 6, 0, 0),
(6, 6, 0, 0),
(7, 6, 0, 0),
(8, 6, 0, 0),
(9, 6, 0, 0),
(10, 6, 0, 0),
(11, 6, 0, 0),
(12, 6, 0, 0),
(13, 6, 0, 0),
(14, 6, 0, 0),
(15, 6, 0, 0),
(16, 6, 0, 0),
(17, 6, 0, 0),
(18, 6, 0, 0),
(19, 6, 0, 0),
(20, 6, 0, 0),
(21, 6, 0, 0),
(22, 6, 0, 0),
(23, 6, 0, 0),
(24, 6, 0, 0),
(25, 6, 0, 0),
(26, 6, 0, 0),
(27, 6, 0, 0),
(28, 6, 0, 0),
(29, 6, 0, 0),
(30, 6, 0, 0),
(1, 7, 0, 0),
(2, 7, 0, 0),
(3, 7, 0, 0),
(4, 7, 0, 0),
(5, 7, 0, 0),
(6, 7, 0, 0),
(7, 7, 0, 0),
(8, 7, 0, 0),
(9, 7, 0, 0),
(10, 7, 0, 0),
(11, 7, 0, 0),
(12, 7, 0, 0),
(13, 7, 0, 0),
(14, 7, 0, 0),
(15, 7, 0, 0),
(16, 7, 0, 0),
(17, 7, 0, 0),
(18, 7, 0, 0),
(19, 7, 0, 0),
(20, 7, 0, 0),
(21, 7, 0, 0),
(22, 7, 0, 0),
(23, 7, 0, 0),
(24, 7, 0, 0),
(25, 7, 0, 0),
(26, 7, 0, 0),
(27, 7, 0, 0),
(28, 7, 0, 0),
(29, 7, 0, 0),
(30, 7, 0, 0),
(1, 8, 0, 0),
(2, 8, 0, 0),
(3, 8, 0, 0),
(4, 8, 0, 0),
(5, 8, 0, 0),
(6, 8, 0, 0),
(7, 8, 0, 0),
(8, 8, 0, 0),
(9, 8, 0, 0),
(10, 8, 0, 0),
(11, 8, 0, 0),
(12, 8, 0, 0),
(13, 8, 0, 0),
(14, 8, 0, 0),
(15, 8, 0, 0),
(16, 8, 0, 0),
(17, 8, 0, 0),
(18, 8, 0, 0),
(19, 8, 0, 0),
(20, 8, 0, 0),
(21, 8, 0, 0),
(22, 8, 0, 0),
(23, 8, 0, 0),
(24, 8, 0, 0),
(25, 8, 0, 0),
(26, 8, 0, 0),
(27, 8, 0, 0),
(28, 8, 0, 0),
(29, 8, 0, 0),
(30, 8, 0, 0),
(1, 9, 0, 0),
(2, 9, 0, 0),
(3, 9, 0, 0),
(4, 9, 0, 0),
(5, 9, 0, 0),
(6, 9, 0, 0),
(7, 9, 0, 0),
(8, 9, 0, 0),
(9, 9, 0, 0),
(10, 9, 0, 0),
(11, 9, 0, 0),
(12, 9, 0, 0),
(13, 9, 0, 0),
(14, 9, 0, 0),
(15, 9, 0, 0),
(16, 9, 0, 0),
(17, 9, 0, 0),
(18, 9, 0, 0),
(19, 9, 0, 0),
(20, 9, 0, 0),
(21, 9, 0, 0),
(22, 9, 0, 0),
(23, 9, 0, 0),
(24, 9, 0, 0),
(25, 9, 0, 0),
(26, 9, 0, 0),
(27, 9, 0, 0),
(28, 9, 0, 0),
(29, 9, 0, 0),
(30, 9, 0, 0),
(1, 10, 0, 0),
(2, 10, 0, 0),
(3, 10, 0, 0),
(4, 10, 0, 0),
(5, 10, 0, 0),
(6, 10, 0, 0),
(7, 10, 0, 0),
(8, 10, 0, 0),
(9, 10, 0, 0),
(10, 10, 0, 0),
(11, 10, 0, 0),
(12, 10, 0, 0),
(13, 10, 0, 0),
(14, 10, 0, 0),
(15, 10, 0, 0),
(16, 10, 0, 0),
(17, 10, 0, 0),
(18, 10, 0, 0),
(19, 10, 0, 0),
(20, 10, 0, 0),
(21, 10, 0, 0),
(22, 10, 0, 0),
(23, 10, 0, 0),
(24, 10, 0, 0),
(25, 10, 0, 0),
(26, 10, 0, 0),
(27, 10, 0, 0),
(28, 10, 0, 0),
(29, 10, 0, 0),
(30, 10, 0, 0),
(1, 11, 0, 0),
(2, 11, 0, 0),
(3, 11, 0, 0),
(4, 11, 0, 0),
(5, 11, 0, 0),
(6, 11, 0, 0),
(7, 11, 0, 0),
(8, 11, 0, 0),
(9, 11, 0, 0),
(10, 11, 0, 0),
(11, 11, 0, 0),
(12, 11, 0, 0),
(13, 11, 0, 0),
(14, 11, 0, 0),
(15, 11, 0, 0),
(16, 11, 0, 0),
(17, 11, 0, 0),
(18, 11, 0, 0),
(19, 11, 0, 0),
(20, 11, 0, 0),
(21, 11, 0, 0),
(22, 11, 0, 0),
(23, 11, 0, 0),
(24, 11, 0, 0),
(25, 11, 0, 0),
(26, 11, 0, 0),
(27, 11, 0, 0),
(28, 11, 0, 0),
(29, 11, 0, 0),
(30, 11, 0, 0),
(1, 12, 0, 0),
(2, 12, 0, 0),
(3, 12, 0, 0),
(4, 12, 0, 0),
(5, 12, 0, 0),
(6, 12, 0, 0),
(7, 12, 0, 0),
(8, 12, 0, 0),
(9, 12, 0, 0),
(10, 12, 0, 0),
(11, 12, 0, 0),
(12, 12, 0, 0),
(13, 12, 0, 0),
(14, 12, 0, 0),
(15, 12, 0, 0),
(16, 12, 0, 0),
(17, 12, 0, 0),
(18, 12, 0, 0),
(19, 12, 0, 0),
(20, 12, 0, 0),
(21, 12, 0, 0),
(22, 12, 0, 0),
(23, 12, 0, 0),
(24, 12, 0, 0),
(25, 12, 0, 0),
(26, 12, 0, 0),
(27, 12, 0, 0),
(28, 12, 0, 0),
(29, 12, 0, 0),
(30, 12, 0, 0),
(1, 13, 0, 0),
(2, 13, 0, 0),
(3, 13, 0, 0),
(4, 13, 0, 0),
(5, 13, 0, 0),
(6, 13, 0, 0),
(7, 13, 0, 0),
(8, 13, 0, 0),
(9, 13, 0, 0),
(10, 13, 0, 0),
(11, 13, 0, 0),
(12, 13, 0, 0),
(13, 13, 0, 0),
(14, 13, 0, 0),
(15, 13, 0, 0),
(16, 13, 0, 0),
(17, 13, 0, 0),
(18, 13, 0, 0),
(19, 13, 0, 0),
(20, 13, 0, 0),
(21, 13, 0, 0),
(22, 13, 0, 0),
(23, 13, 0, 0),
(24, 13, 0, 0),
(25, 13, 0, 0),
(26, 13, 0, 0),
(27, 13, 0, 0),
(28, 13, 0, 0),
(29, 13, 0, 0),
(30, 13, 0, 0),
(1, 12, 0, 0),
(2, 12, 0, 0),
(3, 12, 0, 0),
(4, 12, 0, 0),
(5, 12, 0, 0),
(6, 12, 0, 0),
(7, 12, 0, 0),
(8, 12, 0, 0),
(9, 12, 0, 0),
(10, 12, 0, 0),
(11, 12, 0, 0),
(12, 12, 0, 0),
(13, 12, 0, 0),
(14, 12, 0, 0),
(15, 12, 0, 0),
(16, 12, 0, 0),
(17, 12, 0, 0),
(18, 12, 0, 0),
(19, 12, 0, 0),
(20, 12, 0, 0),
(21, 12, 0, 0),
(22, 12, 0, 0),
(23, 12, 0, 0),
(24, 12, 0, 0),
(25, 12, 0, 0),
(26, 12, 0, 0),
(27, 12, 0, 0),
(28, 12, 0, 0),
(29, 12, 0, 0),
(30, 12, 0, 0),
(1, 15, 0, 0),
(2, 15, 0, 0),
(3, 15, 0, 0),
(4, 15, 0, 0),
(5, 15, 0, 0),
(6, 15, 0, 0),
(7, 15, 0, 0),
(8, 15, 0, 0),
(9, 15, 0, 0),
(10, 15, 0, 0),
(11, 15, 0, 0),
(12, 15, 0, 0),
(13, 15, 0, 0),
(14, 15, 0, 0),
(15, 15, 0, 0),
(16, 15, 0, 0),
(17, 15, 0, 0),
(18, 15, 0, 0),
(19, 15, 0, 0),
(20, 15, 0, 0),
(21, 15, 0, 0),
(22, 15, 0, 0),
(23, 15, 0, 0),
(24, 15, 0, 0),
(25, 15, 0, 0),
(26, 15, 0, 0),
(27, 15, 0, 0),
(28, 15, 0, 0),
(29, 15, 0, 0),
(30, 15, 0, 0),
(1, 16, 0, 0),
(2, 16, 0, 0),
(3, 16, 0, 0),
(4, 16, 0, 0),
(5, 16, 0, 0),
(6, 16, 0, 0),
(7, 16, 0, 0),
(8, 16, 0, 0),
(9, 16, 0, 0),
(10, 16, 0, 0),
(11, 16, 0, 0),
(12, 16, 0, 0),
(13, 16, 0, 0),
(14, 16, 0, 0),
(15, 16, 0, 0),
(16, 16, 0, 0),
(17, 16, 0, 0),
(18, 16, 0, 0),
(19, 16, 0, 0),
(20, 16, 0, 0),
(21, 16, 0, 0),
(22, 16, 0, 0),
(23, 16, 0, 0),
(24, 16, 0, 0),
(25, 16, 0, 0),
(26, 16, 0, 0),
(27, 16, 0, 0),
(28, 16, 0, 0),
(29, 16, 0, 0),
(30, 16, 0, 0),
(1, 17, 0.4, 3),
(2, 17, 0.5, 2),
(3, 17, 0.3, 5),
(4, 17, 0.8, 7),
(5, 17, 0.5, 4),
(6, 17, 0.5, 4),
(7, 17, 0.3, 4),
(8, 17, 0.3, 9),
(9, 17, 0.7, 6),
(10, 17, 0.4, 4),
(11, 17, 0.6, 5),
(12, 17, 0.4, 4),
(13, 17, 0.6, 3),
(14, 17, 0.4, 3),
(15, 17, 0.8, 9),
(16, 17, 0.4, 3),
(17, 17, 0.4, 5),
(18, 17, 0.7, 3),
(19, 17, 0.5, 6),
(20, 17, 0.5, 6),
(21, 17, 0.6, 8),
(22, 17, 0.5, 9),
(23, 17, 0.4, 5),
(24, 17, 0.4, 6),
(25, 17, 0.7, 5),
(26, 17, 0.4, 5),
(27, 17, 0.5, 4),
(28, 17, 0.6, 5),
(29, 17, 0.4, 6),
(30, 17, 0.3, 4),
(1, 18, 0, 0),
(2, 18, 0, 0),
(3, 18, 0, 0),
(4, 18, 0, 0),
(5, 18, 0, 0),
(6, 18, 0, 0),
(7, 18, 0, 0),
(8, 18, 0, 0),
(9, 18, 0, 0),
(10, 18, 0, 0),
(11, 18, 0, 0),
(12, 18, 0, 0),
(13, 18, 0, 0),
(14, 18, 0, 0),
(15, 18, 0, 0),
(16, 18, 0, 0),
(17, 18, 0, 0),
(18, 18, 0, 0),
(19, 18, 0, 0),
(20, 18, 0, 0),
(21, 18, 0, 0),
(22, 18, 0, 0),
(23, 18, 0, 0),
(24, 18, 0, 0),
(25, 18, 0, 0),
(26, 18, 0, 0),
(27, 18, 0, 0),
(28, 18, 0, 0),
(29, 18, 0, 0),
(30, 18, 0, 0),
(1, 19, 0, 0),
(2, 19, 0, 0),
(3, 19, 0, 0),
(4, 19, 0, 0),
(5, 19, 0, 0),
(6, 19, 0, 0),
(7, 19, 0, 0),
(8, 19, 0, 0),
(9, 19, 0, 0),
(10, 19, 0, 0),
(11, 19, 0, 0),
(12, 19, 0, 0),
(13, 19, 0, 0),
(14, 19, 0, 0),
(15, 19, 0, 0),
(16, 19, 0, 0),
(17, 19, 0, 0),
(18, 19, 0, 0),
(19, 19, 0, 0),
(20, 19, 0, 0),
(21, 19, 0, 0),
(22, 19, 0, 0),
(23, 19, 0, 0),
(24, 19, 0, 0),
(25, 19, 0, 0),
(26, 19, 0, 0),
(27, 19, 0, 0),
(28, 19, 0, 0),
(29, 19, 0, 0),
(30, 19, 0, 0),
(1, 20, 0, 0),
(2, 20, 0, 0),
(3, 20, 0, 0),
(4, 20, 0, 0),
(5, 20, 0, 0),
(6, 20, 0, 0),
(7, 20, 0, 0),
(8, 20, 0, 0),
(9, 20, 0, 0),
(10, 20, 0, 0),
(11, 20, 0, 0),
(12, 20, 0, 0),
(13, 20, 0, 0),
(14, 20, 0, 0),
(15, 20, 0, 0),
(16, 20, 0, 0),
(17, 20, 0, 0),
(18, 20, 0, 0),
(19, 20, 0, 0),
(20, 20, 0, 0),
(21, 20, 0, 0),
(22, 20, 0, 0),
(23, 20, 0, 0),
(24, 20, 0, 0),
(25, 20, 0, 0),
(26, 20, 0, 0),
(27, 20, 0, 0),
(28, 20, 0, 0),
(29, 20, 0, 0),
(30, 20, 0, 0),
(1, 21, 0, 0),
(2, 21, 0, 0),
(3, 21, 0, 0),
(4, 21, 0, 0),
(5, 21, 0, 0),
(6, 21, 0, 0),
(7, 21, 0, 0),
(8, 21, 0, 0),
(9, 21, 0, 0),
(10, 21, 0, 0),
(11, 21, 0, 0),
(12, 21, 0, 0),
(13, 21, 0, 0),
(14, 21, 0, 0),
(15, 21, 0, 0),
(16, 21, 0, 0),
(17, 21, 0, 0),
(18, 21, 0, 0),
(19, 21, 0, 0),
(20, 21, 0, 0),
(21, 21, 0, 0),
(22, 21, 0, 0),
(23, 21, 0, 0),
(24, 21, 0, 0),
(25, 21, 0, 0),
(26, 21, 0, 0),
(27, 21, 0, 0),
(28, 21, 0, 0),
(29, 21, 0, 0),
(30, 21, 0, 0),
(1, 22, 0, 0),
(2, 22, 0, 0),
(3, 22, 0, 0),
(4, 22, 0, 0),
(5, 22, 0, 0),
(6, 22, 0, 0),
(7, 22, 0, 0),
(8, 22, 0, 0),
(9, 22, 0, 0),
(10, 22, 0, 0),
(11, 22, 0, 0),
(12, 22, 0, 0),
(13, 22, 0, 0),
(14, 22, 0, 0),
(15, 22, 0, 0),
(16, 22, 0, 0),
(17, 22, 0, 0),
(18, 22, 0, 0),
(19, 22, 0, 0),
(20, 22, 0, 0),
(21, 22, 0, 0),
(22, 22, 0, 0),
(23, 22, 0, 0),
(24, 22, 0, 0),
(25, 22, 0, 0),
(26, 22, 0, 0),
(27, 22, 0, 0),
(28, 22, 0, 0),
(29, 22, 0, 0),
(30, 22, 0, 0),
(1, 23, 0, 0),
(2, 23, 0, 0),
(3, 23, 0, 0),
(4, 23, 0, 0),
(5, 23, 0, 0),
(6, 23, 0, 0),
(7, 23, 0, 0),
(8, 23, 0, 0),
(9, 23, 0, 0),
(10, 23, 0, 0),
(11, 23, 0, 0),
(12, 23, 0, 0),
(13, 23, 0, 0),
(14, 23, 0, 0),
(15, 23, 0, 0),
(16, 23, 0, 0),
(17, 23, 0, 0),
(18, 23, 0, 0),
(19, 23, 0, 0),
(20, 23, 0, 0),
(21, 23, 0, 0),
(22, 23, 0, 0),
(23, 23, 0, 0),
(24, 23, 0, 0),
(25, 23, 0, 0),
(26, 23, 0, 0),
(27, 23, 0, 0),
(28, 23, 0, 0),
(29, 23, 0, 0),
(30, 23, 0, 0),
(1, 24, 0, 0),
(2, 24, 0, 0),
(3, 24, 0, 0),
(4, 24, 0, 0),
(5, 24, 0, 0),
(6, 24, 0, 0),
(7, 24, 0, 0),
(8, 24, 0, 0),
(9, 24, 0, 0),
(10, 24, 0, 0),
(11, 24, 0, 0),
(12, 24, 0, 0),
(13, 24, 0, 0),
(14, 24, 0, 0),
(15, 24, 0, 0),
(16, 24, 0, 0),
(17, 24, 0, 0),
(18, 24, 0, 0),
(19, 24, 0, 0),
(20, 24, 0, 0),
(21, 24, 0, 0),
(22, 24, 0, 0),
(23, 24, 0, 0),
(24, 24, 0, 0),
(25, 24, 0, 0),
(26, 24, 0, 0),
(27, 24, 0, 0),
(28, 24, 0, 0),
(29, 24, 0, 0),
(30, 24, 0, 0),
(1, 13, 0, 0),
(2, 13, 0, 0),
(3, 13, 0, 0),
(4, 13, 0, 0),
(5, 13, 0, 0),
(6, 13, 0, 0),
(7, 13, 0, 0),
(8, 13, 0, 0),
(9, 13, 0, 0),
(10, 13, 0, 0),
(11, 13, 0, 0),
(12, 13, 0, 0),
(13, 13, 0, 0),
(14, 13, 0, 0),
(15, 13, 0, 0),
(16, 13, 0, 0),
(17, 13, 0, 0),
(18, 13, 0, 0),
(19, 13, 0, 0),
(20, 13, 0, 0),
(21, 13, 0, 0),
(22, 13, 0, 0),
(23, 13, 0, 0),
(24, 13, 0, 0),
(25, 13, 0, 0),
(26, 13, 0, 0),
(27, 13, 0, 0),
(28, 13, 0, 0),
(29, 13, 0, 0),
(30, 13, 0, 0),
(1, 26, 0, 0),
(2, 26, 0, 0),
(3, 26, 0, 0),
(4, 26, 0, 0),
(5, 26, 0, 0),
(6, 26, 0, 0),
(7, 26, 0, 0),
(8, 26, 0, 0),
(9, 26, 0, 0),
(10, 26, 0, 0),
(11, 26, 0, 0),
(12, 26, 0, 0),
(13, 26, 0, 0),
(14, 26, 0, 0),
(15, 26, 0, 0),
(16, 26, 0, 0),
(17, 26, 0, 0),
(18, 26, 0, 0),
(19, 26, 0, 0),
(20, 26, 0, 0),
(21, 26, 0, 0),
(22, 26, 0, 0),
(23, 26, 0, 0),
(24, 26, 0, 0),
(25, 26, 0, 0),
(26, 26, 0, 0),
(27, 26, 0, 0),
(28, 26, 0, 0),
(29, 26, 0, 0),
(30, 26, 0, 0),
(1, 27, 0, 0),
(2, 27, 0, 0),
(3, 27, 0, 0),
(4, 27, 0, 0),
(5, 27, 0, 0),
(6, 27, 0, 0),
(7, 27, 0, 0),
(8, 27, 0, 0),
(9, 27, 0, 0),
(10, 27, 0, 0),
(11, 27, 0, 0),
(12, 27, 0, 0),
(13, 27, 0, 0),
(14, 27, 0, 0),
(15, 27, 0, 0),
(16, 27, 0, 0),
(17, 27, 0, 0),
(18, 27, 0, 0),
(19, 27, 0, 0),
(20, 27, 0, 0),
(21, 27, 0, 0),
(22, 27, 0, 0),
(23, 27, 0, 0),
(24, 27, 0, 0),
(25, 27, 0, 0),
(26, 27, 0, 0),
(27, 27, 0, 0),
(28, 27, 0, 0),
(29, 27, 0, 0),
(30, 27, 0, 0),
(1, 28, 0, 0),
(2, 28, 0, 0),
(3, 28, 0, 0),
(4, 28, 0, 0),
(5, 28, 0, 0),
(6, 28, 0, 0),
(7, 28, 0, 0),
(8, 28, 0, 0),
(9, 28, 0, 0),
(10, 28, 0, 0),
(11, 28, 0, 0),
(12, 28, 0, 0),
(13, 28, 0, 0),
(14, 28, 0, 0),
(15, 28, 0, 0),
(16, 28, 0, 0),
(17, 28, 0, 0),
(18, 28, 0, 0),
(19, 28, 0, 0),
(20, 28, 0, 0),
(21, 28, 0, 0),
(22, 28, 0, 0),
(23, 28, 0, 0),
(24, 28, 0, 0),
(25, 28, 0, 0),
(26, 28, 0, 0),
(27, 28, 0, 0),
(28, 28, 0, 0),
(29, 28, 0, 0),
(30, 28, 0, 0),
(1, 29, 0, 0),
(2, 29, 0, 0),
(3, 29, 0, 0),
(4, 29, 0, 0),
(5, 29, 0, 0),
(6, 29, 0, 0),
(7, 29, 0, 0),
(8, 29, 0, 0),
(9, 29, 0, 0),
(10, 29, 0, 0),
(11, 29, 0, 0),
(12, 29, 0, 0),
(13, 29, 0, 0),
(14, 29, 0, 0),
(15, 29, 0, 0),
(16, 29, 0, 0),
(17, 29, 0, 0),
(18, 29, 0, 0),
(19, 29, 0, 0),
(20, 29, 0, 0),
(21, 29, 0, 0),
(22, 29, 0, 0),
(23, 29, 0, 0),
(24, 29, 0, 0),
(25, 29, 0, 0),
(26, 29, 0, 0),
(27, 29, 0, 0),
(28, 29, 0, 0),
(29, 29, 0, 0),
(30, 29, 0, 0),
(1, 30, 0, 0),
(2, 30, 0, 0),
(3, 30, 0, 0),
(4, 30, 0, 0),
(5, 30, 0, 0),
(6, 30, 0, 0),
(7, 30, 0, 0),
(8, 30, 0, 0),
(9, 30, 0, 0),
(10, 30, 0, 0),
(11, 30, 0, 0),
(12, 30, 0, 0),
(13, 30, 0, 0),
(14, 30, 0, 0),
(15, 30, 0, 0),
(16, 30, 0, 0),
(17, 30, 0, 0),
(18, 30, 0, 0),
(19, 30, 0, 0),
(20, 30, 0, 0),
(21, 30, 0, 0),
(22, 30, 0, 0),
(23, 30, 0, 0),
(24, 30, 0, 0),
(25, 30, 0, 0),
(26, 30, 0, 0),
(27, 30, 0, 0),
(28, 30, 0, 0),
(29, 30, 0, 0),
(30, 30, 0, 0),
(1, 31, 0, 0),
(2, 31, 0, 0),
(3, 31, 0, 0),
(4, 31, 0, 0),
(5, 31, 0, 0),
(6, 31, 0, 0),
(7, 31, 0, 0),
(8, 31, 0, 0),
(9, 31, 0, 0),
(10, 31, 0, 0),
(11, 31, 0, 0),
(12, 31, 0, 0),
(13, 31, 0, 0),
(14, 31, 0, 0),
(15, 31, 0, 0),
(16, 31, 0, 0),
(17, 31, 0, 0),
(18, 31, 0, 0),
(19, 31, 0, 0),
(20, 31, 0, 0),
(21, 31, 0, 0),
(22, 31, 0, 0),
(23, 31, 0, 0),
(24, 31, 0, 0),
(25, 31, 0, 0),
(26, 31, 0, 0),
(27, 31, 0, 0),
(28, 31, 0, 0),
(29, 31, 0, 0),
(30, 31, 0, 0),
(1, 32, 0, 0),
(2, 32, 0, 0),
(3, 32, 0, 0),
(4, 32, 0, 0),
(5, 32, 0, 0),
(6, 32, 0, 0),
(7, 32, 0, 0),
(8, 32, 0, 0),
(9, 32, 0, 0),
(10, 32, 0, 0),
(11, 32, 0, 0),
(12, 32, 0, 0),
(13, 32, 0, 0),
(14, 32, 0, 0),
(15, 32, 0, 0),
(16, 32, 0, 0),
(17, 32, 0, 0),
(18, 32, 0, 0),
(19, 32, 0, 0),
(20, 32, 0, 0),
(21, 32, 0, 0),
(22, 32, 0, 0),
(23, 32, 0, 0),
(24, 32, 0, 0),
(25, 32, 0, 0),
(26, 32, 0, 0),
(27, 32, 0, 0),
(28, 32, 0, 0),
(29, 32, 0, 0),
(30, 32, 0, 0),
(1, 33, 0, 0),
(2, 33, 0, 0),
(3, 33, 0, 0),
(4, 33, 0, 0),
(5, 33, 0, 0),
(6, 33, 0, 0),
(7, 33, 0, 0),
(8, 33, 0, 0),
(9, 33, 0, 0),
(10, 33, 0, 0),
(11, 33, 0, 0),
(12, 33, 0, 0),
(13, 33, 0, 0),
(14, 33, 0, 0),
(15, 33, 0, 0),
(16, 33, 0, 0),
(17, 33, 0, 0),
(18, 33, 0, 0),
(19, 33, 0, 0),
(20, 33, 0, 0),
(21, 33, 0, 0),
(22, 33, 0, 0),
(23, 33, 0, 0),
(24, 33, 0, 0),
(25, 33, 0, 0),
(26, 33, 0, 0),
(27, 33, 0, 0),
(28, 33, 0, 0),
(29, 33, 0, 0),
(30, 33, 0, 0),
(1, 34, 0, 0),
(2, 34, 0, 0),
(3, 34, 0, 0),
(4, 34, 0, 0),
(5, 34, 0, 0),
(6, 34, 0, 0),
(7, 34, 0, 0),
(8, 34, 0, 0),
(9, 34, 0, 0),
(10, 34, 0, 0),
(11, 34, 0, 0),
(12, 34, 0, 0),
(13, 34, 0, 0),
(14, 34, 0, 0),
(15, 34, 0, 0),
(16, 34, 0, 0),
(17, 34, 0, 0),
(18, 34, 0, 0),
(19, 34, 0, 0),
(20, 34, 0, 0),
(21, 34, 0, 0),
(22, 34, 0, 0),
(23, 34, 0, 0),
(24, 34, 0, 0),
(25, 34, 0, 0),
(26, 34, 0, 0),
(27, 34, 0, 0),
(28, 34, 0, 0),
(29, 34, 0, 0),
(30, 34, 0, 0),
(1, 35, 0, 0),
(2, 35, 0, 0),
(3, 35, 0, 0),
(4, 35, 0, 0),
(5, 35, 0, 0),
(6, 35, 0, 0),
(7, 35, 0, 0),
(8, 35, 0, 0),
(9, 35, 0, 0),
(10, 35, 0, 0),
(11, 35, 0, 0),
(12, 35, 0, 0),
(13, 35, 0, 0),
(14, 35, 0, 0),
(15, 35, 0, 0),
(16, 35, 0, 0),
(17, 35, 0, 0),
(18, 35, 0, 0),
(19, 35, 0, 0),
(20, 35, 0, 0),
(21, 35, 0, 0),
(22, 35, 0, 0),
(23, 35, 0, 0),
(24, 35, 0, 0),
(25, 35, 0, 0),
(26, 35, 0, 0),
(27, 35, 0, 0),
(28, 35, 0, 0),
(29, 35, 0, 0),
(30, 35, 0, 0),
(1, 36, 0, 0),
(2, 36, 0, 0),
(3, 36, 0, 0),
(4, 36, 0, 0),
(5, 36, 0, 0),
(6, 36, 0, 0),
(7, 36, 0, 0),
(8, 36, 0, 0),
(9, 36, 0, 0),
(10, 36, 0, 0),
(11, 36, 0, 0),
(12, 36, 0, 0),
(13, 36, 0, 0),
(14, 36, 0, 0),
(15, 36, 0, 0),
(16, 36, 0, 0),
(17, 36, 0, 0),
(18, 36, 0, 0),
(19, 36, 0, 0),
(20, 36, 0, 0),
(21, 36, 0, 0),
(22, 36, 0, 0),
(23, 36, 0, 0),
(24, 36, 0, 0),
(25, 36, 0, 0),
(26, 36, 0, 0),
(27, 36, 0, 0),
(28, 36, 0, 0),
(29, 36, 0, 0),
(30, 36, 0, 0),
(1, 37, 0, 0),
(2, 37, 0, 0),
(3, 37, 0, 0),
(4, 37, 0, 0),
(5, 37, 0, 0),
(6, 37, 0, 0),
(7, 37, 0, 0),
(8, 37, 0, 0),
(9, 37, 0, 0),
(10, 37, 0, 0),
(11, 37, 0, 0),
(12, 37, 0, 0),
(13, 37, 0, 0),
(14, 37, 0, 0),
(15, 37, 0, 0),
(16, 37, 0, 0),
(17, 37, 0, 0),
(18, 37, 0, 0),
(19, 37, 0, 0),
(20, 37, 0, 0),
(21, 37, 0, 0),
(22, 37, 0, 0),
(23, 37, 0, 0),
(24, 37, 0, 0),
(25, 37, 0, 0),
(26, 37, 0, 0),
(27, 37, 0, 0),
(28, 37, 0, 0),
(29, 37, 0, 0),
(30, 37, 0, 0),
(1, 38, 0, 0),
(2, 38, 0, 0),
(3, 38, 0, 0),
(4, 38, 0, 0),
(5, 38, 0, 0),
(6, 38, 0, 0),
(7, 38, 0, 0),
(8, 38, 0, 0),
(9, 38, 0, 0),
(10, 38, 0, 0),
(11, 38, 0, 0),
(12, 38, 0, 0),
(13, 38, 0, 0),
(14, 38, 0, 0),
(15, 38, 0, 0),
(16, 38, 0, 0),
(17, 38, 0, 0),
(18, 38, 0, 0),
(19, 38, 0, 0),
(20, 38, 0, 0),
(21, 38, 0, 0),
(22, 38, 0, 0),
(23, 38, 0, 0),
(24, 38, 0, 0),
(25, 38, 0, 0),
(26, 38, 0, 0),
(27, 38, 0, 0),
(28, 38, 0, 0),
(29, 38, 0, 0),
(30, 38, 0, 0),
(1, 39, 0, 0),
(2, 39, 0, 0),
(3, 39, 0, 0),
(4, 39, 0, 0),
(5, 39, 0, 0),
(6, 39, 0, 0),
(7, 39, 0, 0),
(8, 39, 0, 0),
(9, 39, 0, 0),
(10, 39, 0, 0),
(11, 39, 0, 0),
(12, 39, 0, 0),
(13, 39, 0, 0),
(14, 39, 0, 0),
(15, 39, 0, 0),
(16, 39, 0, 0),
(17, 39, 0, 0),
(18, 39, 0, 0),
(19, 39, 0, 0),
(20, 39, 0, 0),
(21, 39, 0, 0),
(22, 39, 0, 0),
(23, 39, 0, 0),
(24, 39, 0, 0),
(25, 39, 0, 0),
(26, 39, 0, 0),
(27, 39, 0, 0),
(28, 39, 0, 0),
(29, 39, 0, 0),
(30, 39, 0, 0),
(1, 40, 0, 0),
(2, 40, 0, 0),
(3, 40, 0, 0),
(4, 40, 0, 0),
(5, 40, 0, 0),
(6, 40, 0, 0),
(7, 40, 0, 0),
(8, 40, 0, 0),
(9, 40, 0, 0),
(10, 40, 0, 0),
(11, 40, 0, 0),
(12, 40, 0, 0),
(13, 40, 0, 0),
(14, 40, 0, 0),
(15, 40, 0, 0),
(16, 40, 0, 0),
(17, 40, 0, 0),
(18, 40, 0, 0),
(19, 40, 0, 0),
(20, 40, 0, 0),
(21, 40, 0, 0),
(22, 40, 0, 0),
(23, 40, 0, 0),
(24, 40, 0, 0),
(25, 40, 0, 0),
(26, 40, 0, 0),
(27, 40, 0, 0),
(28, 40, 0, 0),
(29, 40, 0, 0),
(30, 40, 0, 0),
(1, 41, 0, 0),
(2, 41, 0, 0),
(3, 41, 0, 0),
(4, 41, 0, 0),
(5, 41, 0, 0),
(6, 41, 0, 0),
(7, 41, 0, 0),
(8, 41, 0, 0),
(9, 41, 0, 0),
(10, 41, 0, 0),
(11, 41, 0, 0),
(12, 41, 0, 0),
(13, 41, 0, 0),
(14, 41, 0, 0),
(15, 41, 0, 0),
(16, 41, 0, 0),
(17, 41, 0, 0),
(18, 41, 0, 0),
(19, 41, 0, 0),
(20, 41, 0, 0),
(21, 41, 0, 0),
(22, 41, 0, 0),
(23, 41, 0, 0),
(24, 41, 0, 0),
(25, 41, 0, 0),
(26, 41, 0, 0),
(27, 41, 0, 0),
(28, 41, 0, 0),
(29, 41, 0, 0),
(30, 41, 0, 0),
(1, 42, 0, 0),
(2, 42, 0, 0),
(3, 42, 0, 0),
(4, 42, 0, 0),
(5, 42, 0, 0),
(6, 42, 0, 0),
(7, 42, 0, 0),
(8, 42, 0, 0),
(9, 42, 0, 0),
(10, 42, 0, 0),
(11, 42, 0, 0),
(12, 42, 0, 0),
(13, 42, 0, 0),
(14, 42, 0, 0),
(15, 42, 0, 0),
(16, 42, 0, 0),
(17, 42, 0, 0),
(18, 42, 0, 0),
(19, 42, 0, 0),
(20, 42, 0, 0),
(21, 42, 0, 0),
(22, 42, 0, 0),
(23, 42, 0, 0),
(24, 42, 0, 0),
(25, 42, 0, 0),
(26, 42, 0, 0),
(27, 42, 0, 0),
(28, 42, 0, 0),
(29, 42, 0, 0),
(30, 42, 0, 0);

-- --------------------------------------------------------

--
-- Tabellenstruktur für Tabelle `Risk_Measures_Excerpt`
--

CREATE TABLE IF NOT EXISTS `Risk_Measures_Excerpt` (
  `measures_id` int(11) NOT NULL,
  `question_id` int(11) NOT NULL,
  `measure` text NOT NULL,
  `weight` float NOT NULL,
  `influence_factor` varchar(255) NOT NULL
) ENGINE=InnoDB DEFAULT CHARSET=latin1;

--
-- Daten für Tabelle `Risk_Measures_Excerpt`
--

INSERT INTO `Risk_Measures_Excerpt` (`measures_id`, `question_id`, `measure`, `weight`, `influence_factor`) VALUES
(1, 1, 'Es werden folgende Empfehlungen gegeben:1. Es wird das Externalisieren und Dokumentieren von negativen und positiven Erfahrungen mit Projektpartnern in vergangenen Projekten empfohlen.2. Es wird die Analyse anhand interner Erfahrungswerte (falls bereits vorhanden) und die Einschätzung der Projektpartner bereits im Vorfeld der Entscheidung pro oder contra einer Zusammenarbeit mit diesen empfohlen.', 0.803797, 'Partnerprofil'),
(2, 2, 'Es werden folgende Empfehlungen gegeben:1. Die Ziele bezüglich der Öffnung des eigenen Innovationsprozesses sollen klar formuliert und allen betroffenen Mitarbeitern kommuniziert werden.2. Es wird eine Überprüfung der Einstellung und des Verständnisses der Mitarbeiter bezüglich dieser Ziele empfohlen (z.B. Umfrage).3. Es sollen formelle und informelle Wege geschaffen werden, auf denen Mitarbeiter ihre Fragen und Probleme bezüglich der Ziele eines OI-Projekts äußern können.', 0.759494, 'Zieltransparenz'),
(3, 3, 'Es werden folgende Empfehlungen gegeben:\r\n1. Die Ziele bezüglich der Öffnung des eigenen Innovationsprozesses sollen klar formuliert und allen betroffenen Mitarbeitern kommuniziert werden.\r\n2. Es wird eine Überprüfung der Einstellung und des Verständnisses der Mitarbeiter bezüglich dieser Ziele empfohlen (z.B. Umfragen).\r\n3. Es sollen formelle und informelle Wege geschaffen werden, auf denen Mitarbeiter ihre Fragen und Probleme bezüglich der Ziele eines OI-Projekts äussern können.', 0.759494, 'Zielverständnis'),
(4, 4, 'Es wird eine fortlaufende Überprüfung der Übertragung von OI-Zielen in die Projektplanung empfohlen. Sofern Abweichungen festgestellt werden, müssen entsprechende Korrekturmaßnahmen realisiert werden (z.B. genaue Formulierung der Ziele, Suche nach den Gruenden fuer die Abweichung). Hierbei ist eine Zusammenarbeit des Managements und der operativen Ebene zu empfehlen.', 0.759494, 'Zielübertragung'),
(5, 5, 'Es werden folgende Empfehlungen gegeben:\r\n1. Es wird empfohlen, sowohl proaktive Strategien zur Einbindung von externen Partnern zu entwickeln, als auch reaktive Strategien für das Eingebundenwerden vorzuhalten.\r\n2. Es wird empfohlen, insbesondere bei reaktivem Verhalten in Bezug auf die Anbahnung von OI-Projekten, den potenziellen Partner genau zu untersuchen und die Risiken einer Beteiligung einzuschätzen.', 0.664557, 'Vorbereitung der Zusammenarbeit'),
(6, 6, 'Es werden folgende Empfehlungen gegeben:\r\n1. Es wird empfohlen, Strategien zur proaktiven Einbindung externer Partner zu entwickeln.\r\n2. Es wird empfohlen, Erfahrungen bei dem Austausch mit externen Partnern festzuhalten und anderen zugänglich zu machen.', 0.664557, 'Vorbereitung der Zusammenarbeit'),
(7, 7, 'Es werden folgende Empfehlungen gegeben:\r\n1. Es wird empfohlen, Strategien zur Einbindung von externen Partnern sowohl pro- als auch reaktiv zu entwickeln.\r\n2. Es wird  empfohlen, insbesondere bei reaktivem Verhalten in Bezug auf die Anbahnung von OI-Projekten, den potenziellen Partner genau zu untersuchen und die Risiken einer Beteiligung einzuschätzen.', 0.664557, 'Vorbereitung der Zusammenarbeit'),
(8, 8, 'Es werden folgende Empfehlungen gegeben:\r\n1. Es wird empfohlen, zentral allgemeine Regeln zur Verhinderung des ungewollten Wissensabflusses zu entwickeln (zu allen Schwerpunkten - Mensch, Organisation, Technik). \r\n\r\n2. Es wird empfohlen eine vertragliche Regelung aufzusetzen.', 0.639241, 'Wissensregelungsdefizit'),
(9, 9, 'Es werden folgende Empfehlungen gegeben:\r\n1. Es wird empfohlen, zentral allgemeine Regeln zur Verhinderung des ungewollten Wissensabflusses zu entwickeln (zu allen Schwerpunkten - Mensch, Organisation, Technik).\r\n2. Es wird empfohlen vertrauensbildende Massnahmen zu realisieren.', 0.639241, 'Angst'),
(10, 10, 'Es werden folgende Empfehlungen gegeben:\r\n1. Es wird empfohlen, negative Erfahrungen zentral zu erfassen und anderen zugänglich zu machen.\r\n2. Es wird empfohlen vertrauensbildende Maßnahmen zu realisieren.', 0.639241, 'Angst'),
(11, 11, 'Es werden folgende Empfehlungen gegeben:\r\n1. Es wird eine strukturierte Zusammenfassung der potenziellen Gruende (und ihrer Hintergruende) einer Nicht-Beteiligung empfohlen.\r\n2. Es wird empfohlen vertrauensbildende Massnahmen zu realisieren.', 0.639241, 'Angst'),
(12, 12, 'Es werden folgende Empfehlungen gegeben:\r\n1. Es wird empfohlen, zentral allgemeine Regeln zur Einbindung fremder Akteure in den eigenen Prozess zu entwickeln und diese klar zu kommunizieren.\r\n2. Es wird empfohlen eine vertragliche Regelung aufzusetzen.', 0.639241, 'Angst'),
(13, 13, 'Es wird empfohlen die Projektorganisation nach der von Peffers vorgeschlagenen "Design Science Research Methodology" zu orientieren, so dass Feedbackschleifen während der Projektdurchführung fest verankert werden.', 0.639241, 'Wissensfeedbackproblem'),
(14, 14, 'Es werden folgende Empfehlungen gegeben:\r\n1. Es wird empfohlen, zentral allgemeine Regeln zur Verhinderung des ungewollten Wissensabflusses zu entwickeln (zu allen Schwerpunkten - Mensch, Organisation, Technik), sowie IP-Schutzmassnahmen im Prozess zu implementieren.\r\n2. Es wird empfohlen eine vertragliche Regelung aufzusetzen.', 0.639241, 'Kritizität'),
(15, 15, 'Es wird empfohlen standardisierte OI-Prozesse einzuführen um zukünftig auf diese zurückgreifen zu können. ', 0.632258, 'Terminuntreue'),
(16, 16, 'Es wird empfohlen die Ursache der Terminuntreue und nicht einhalten der Meilensteine zu erfassen und in Rücksprache mit dem Team eine realistische Neuplanung der betreffenden Termine zu planen. ', 0.632258, 'Terminuntreue'),
(17, 17, 'Es wird empfohlen die Ursache für Verspätung festzuhalten und zeitnah eine Neuplanung der Projektphase.', 0.632258, 'Terminuntreue'),
(18, 18, 'Es wird empfohlen eine detaillierte Planung des Einsatzes von Informationssystemen im Rahmen des angestrebten Projektes durchzuführen. ', 0.490323, 'IT-System-Planung'),
(19, 19, 'Es werden folgende Empfehlungen gegeben:\r\n1. Es wird empfohlen, zentral allgemeine Regeln zur Einbindung fremder Akteure in den eigenen Prozess zu entwickeln und diese klar zu kommunizieren.\r\n2. Es wird empfohlen Regeln zur Verwendung der einzelnen Komponenten der IT-Landschaft aufzustellen.', 0.490323, 'IT-System-Planung'),
(20, 20, 'Es wird empfohlen, zentral allgemeine Regeln zur Einbindung fremder Akteure in den eigenen Prozess zu entwickeln und diese klar zu kommunizieren.', 0.470968, 'Anforderungsdefinition'),
(21, 21, 'Es wird empfohlen, zentral allgemeine Regeln zur Einbindung fremder Akteure in den eigenen Prozess zu entwickeln und diese klar zu kommunizieren.', 0.470968, 'Anforderungsüberprüfung'),
(22, 22, 'Es wird empfohlen im Rahmen eines Evaluationsprozesses alle relevanten Erzeugnisse systematisch festzuhalten und diese in der Planung neuer Projekte mit einzubeziehen. ', 0.419355, 'Nachhaltige Nutzung'),
(23, 23, 'Es werden folgende Empfehlungen gegeben:\r\n1. Es wird empfohlen eine Analyse der Interessengruppen für entsprechende Innovationswettberwebe durchzuführen.\r\n2. Es wird empfohlen eine Datenbank mit entsprechenden Intressengruppe angemessenen Kommunikationswegen zu erstellen.', 0.69697, 'Ständige Verbesserung der Ansprache potentiell interessierter Teilnehme'),
(24, 24, 'Es wird empfohlen die Meinung eines Sachverständigen im Zuge der Vertragsgestaltung hinzuzuziehen um folglich entsprechende Sicherheiten zu garantieren. ', 1, 'Ausmaß an Rechtssicherheit aufgrund bestehender Gesetze und Rechtsprechung'),
(25, 25, 'Es wird empfohlen auf etwaige Risiken für das eigenen Unternehmen hinzuweisen und entsprechende Haftungsrisiken zu bewerten und zu kategorisieren. Auf Basis dessen sollte ein Für und Wider eines externen Dienstleisters getroffen werden.', 1, 'Vertrauen in das Handeln eventuell  eingesetzter externer Dienstleister bei der Organisation (Planung und Durchführung) des Innovationswettbewerbs'),
(26, 26, 'Es wird empfohlen eine dritte beratenden/ kommunizierende Partei in die Beziehung zwischen externen Dienstleistern und Organisation des Innovationswettbewerbs zu schalten. ', 1, 'Vertrauen in das Handeln eventuell  eingesetzter externer Dienstleister bei der Organisation (Planung und Durchführung) des Innovationswettbewerbs'),
(27, 27, 'Es wird empfohlen ein Bewertungsverfahren zur Bewertung der Beiträge externer Dritte einzuführen um auf diesem Wege sinnvolle  Beiträge bei zukünftig bei Innovationsentscheidungen zu berücksichtigen. ', 0.629139, 'Ausmaß des Vertrauens in (mögliche) externe Partner'),
(28, 28, 'Es wird empfohlen vor geplanten open innovation-Projekte sich über grundsätzliche bestehende rechtliche Unsicherheiten zu informieren und ggf. zu diesem Zweck die beratung externer Dritter hinzuzuziehen. ', 0.655629, 'Ausmaß an Rechtssicherheit aufgrund bestehender Gesetze und Rechtsprechung'),
(29, 29, 'Es wird empfohlen auf die Vorteile von Wissen Dritter hinzuweisen und diese Schritt für Schritt im Kontext kleiner Innovationsentscheidungen zu bestätigen. ', 0.655629, 'Ausmaß des Vertrauens in (mögliche) externe Partner'),
(30, 30, 'Es wird empfohlen auf die Vorteile von Wissen Dritter hinzuweisen und diese Schritt fuer Schritt im Kontext kleiner Innovationsentscheidungen zu bestätigen. ', 0.655629, 'Ausmaß des Vertrauens in (mögliche) externe Partner');

-- --------------------------------------------------------

--
-- Tabellenstruktur für Tabelle `Risk_Questions_Excerpt`
--

CREATE TABLE IF NOT EXISTS `Risk_Questions_Excerpt` (
`question_id` int(11) NOT NULL,
  `super_class_id` int(11) NOT NULL,
  `sub_class_id` int(11) NOT NULL,
  `class_id` int(11) NOT NULL,
  `influence_factor` text NOT NULL,
  `question` text NOT NULL,
  `weight` float DEFAULT NULL
) ENGINE=InnoDB AUTO_INCREMENT=31 DEFAULT CHARSET=latin1;

--
-- Daten für Tabelle `Risk_Questions_Excerpt`
--

INSERT INTO `Risk_Questions_Excerpt` (`question_id`, `super_class_id`, `sub_class_id`, `class_id`, `influence_factor`, `question`, `weight`) VALUES
(1, 1, 3, 7, 'Partnerprofil', 'Existieren Unsicherheiten bei der Suche und Wahl geeigneter Innovationspartner? ', 0.803797),
(2, 1, 1, 3, 'Zieltransparenz', 'Sind Ihnen die Ziele, die mit der Öffnung des Innovationsprozesses verbunden sind, unklar?', 0.759494),
(3, 1, 1, 3, 'Zielverständnis', 'Haben Sie den Eindruck, dass Projektarbeiter nicht wissen wie sich ihre eigene Arbeit in ein visionäres Gesamtbild einordnen lassen?', 0.759494),
(4, 1, 1, 3, 'Zielübertragung', 'Werden OI-Zielstellungen in die Projektplanung übertragen?', 0.759494),
(5, 1, 3, 6, 'Vorbereitung der Zusammenarbeit', 'Binden Sie externe Partner in das Innovationsprojekt tendenziell reaktiv und nicht proaktiv ein?', 0.664557),
(6, 1, 3, 6, 'Vorbereitung der Zusammenarbeit', 'Besitzen Sie nur wenig Erfahrungen mit der proaktiven Einbindung externer Partner in den eigenen Innovationsprozess?', 0.664557),
(7, 1, 3, 6, 'Vorbereitung der Zusammenarbeit', 'Besitzen Sie nur wenig Erfahrungen mit der reaktiven Einbindung externer Partner in den eigenen Innovationsprozess?', 0.664557),
(8, 1, 4, 11, 'Wissensregelungsdefizit', 'Fehlen in Ihrem Unternehmen Regelungen, die einen unbeabsichtigten Wissensabfluss verhindern? Berücksichtigen Sie bei der Beantwortung die Bereiche "Mensch", "Organisation" und "Technik".', 0.639241),
(9, 1, 4, 11, 'Angst', 'Befürchten Sie, durch die Zusammenarbeit zu viel Einblick in die eigenenden Prozesse zu gewährleisten, was zum Verlust von Schlüsselwissen führen kann?', 0.639241),
(10, 1, 4, 11, 'Angst', 'Haben Sie in der Vergangenheit negative Erfahrungen bzgl. der Offenlegung von Kernkompetenzen in offenen Innovationsprojekten gehabt?', 0.639241),
(11, 1, 4, 11, 'Angst', 'Befürchten Sie bei der Durchführung des Projektes einen größeren Koordinationsaufwand, um relevantes Wissen und Informationen aus internen und extenen Quellen gemeinsam zu nutzen?', 0.639241),
(12, 1, 4, 11, 'Angst', 'Existieren in Ihrem Unternehmen Regelungen, um die gemeinsame Nutzung von Information und Wissen im Rahmen des Austausches mit externen Partnern zu definieren?', 0.639241),
(13, 1, 4, 11, 'Wissensfeedbackproblem', 'Besteht bei der bisherigen Projektdurchführung das Problem, dass erst in späteren Phasen erzeugtes Wissen zu erzeugende Ergebnisse einer früheren Phase nicht bereichern?', 0.639241),
(14, 1, 4, 11, 'Kritizität', 'Schätzen Sie Ihr Wissen als einzigartig oder kritisch in Bezug auf die eigene Wettbewerbsposition ein, das in dem anvisierten Projekt mit externen Partnern zur gemeinsamen Lösungsentwicklung eingesetzt wird?', 0.639241),
(15, 2, 10, 23, 'Terminuntreue', 'Ist die Zeit bis zum Innovationslaunch zu knapp bemessen, um einen OI-Prozess aufzusetzen?', 0.632258),
(16, 2, 10, 23, 'Terminuntreue', 'Stellen Sie im Team Ärger, Frustration oder Irritationen fest, da Termine, Meilensteine oder ähnliches nicht eingehalten werden?', 0.632258),
(17, 2, 10, 23, 'Terminuntreue', 'Stellen Sie in späten Projektphasen ihrer Innovationsprojekten zunehmen Verspätungen fest?', 0.632258),
(18, 2, 7, 18, 'IT-System-Planung', 'Ist die Nutzung von Informationssystemen im Rahmen des angestrebten Projektes wenig detailliert geplant?', 0.490323),
(19, 2, 7, 18, 'IT-System-Planung', 'Fehlen in Ihrem Unternehmen Regeln zur Nutzung und dem Einsatz von IT-Systemen beim Umgang mit externen Partnern?', 0.490323),
(20, 2, 8, 20, 'Anforderungsdefinition', 'Fehlen Anforderungen bzgl. der Entscheidungsfindung mit externen Akteuren für jede Entscheidungsfindungsphase oder wurden diese nicht kommuniziert?', 0.470968),
(21, 2, 8, 20, 'Anforderungsüberprüfung', 'Fehlt eine Überpruefung der Einhaltung gestellter Anforderungen in jeder Phase der Entscheidungsfindung?', 0.470968),
(22, 2, 12, 27, 'Nachhaltige Nutzung', 'Stellen Sie im Innovationsprozess fest, dass relevante Erzeugnisse nicht weiter genutzt werden?', 0.419355),
(23, 3, 18, 44, 'Ständige Verbesserung der Ansprache potentiell interessierter Teilnehme', 'Ist nicht eindeutig gesichert, dass die Zielgruppen, die durch den Innovationswettbewerb schwerpunktmässig angesprochen werden sollen, auch effektiv erreicht werden?', 0.69697),
(24, 3, 15, 33, 'Ausmaß an Rechtssicherheit aufgrund bestehender Gesetze und Rechtsprechung', 'Fehlt die grundsätzliche Bereitschaft, die trotz geeigneter Vertragsgestaltung evtl. verbleibenden Haftungsrisiken, die dem Unternehmen im Zusammenhang mit dem Innovationswettbewerb entstehen können, zu tragen?', 1),
(25, 3, 15, 33, 'Vertrauen in das Handeln eventuell  eingesetzter externer Dienstleister bei der Organisation (Planung und Durchführung) des Innovationswettbewerbs', 'Fehlt die grundsätzliche Bereitschaft, im Bewusstsein möglicher verbleibender Haftungsrisiken die Organisation des Innovationswettbewerbs einem externen Dienstleister zu übertragen?', 1),
(26, 3, 15, 33, 'Vertrauen in das Handeln eventuell  eingesetzter externer Dienstleister bei der Organisation (Planung und Durchführung) des Innovationswettbewerbs', 'Fehlt die Möglichkeit, Informationen über die Leistungsfähigkeit und Vertrauenswuerdigkeit des für die Organisation des Innovationswettbewerbs in Aussicht genommenen externen Dienstleisters zu erlangen?', 1),
(27, 3, 14, 32, 'Ausmaß des Vertrauens in (mögliche) externe Partner', 'Fehlt die grundsätzliche Bereitschaft, Vorschläge und Beiträge externer Dritten für die Innovationsentscheidung zu berücksichtigen?', 0.629139),
(28, 3, 14, 31, 'Ausmaß an Rechtssicherheit aufgrund bestehender Gesetze und Rechtsprechung', 'Fehlt die grundsätzliche Bereitschaft, open innovation-Projekte trotz möglicher (fort-)bestehender rechtlicher Unsicherheiten zu etablieren bzw. durchzuführen?', 0.655629),
(29, 3, 14, 31, 'Ausmaß des Vertrauens in (mögliche) externe Partner', 'Fehlt die grundsätzliche Bereitschaft, für die Innovationsentscheidung bisher nur unternehmensinternes Wissen auch Dritten zugänglich zu machen?', 0.655629),
(30, 3, 14, 31, 'Ausmaß des Vertrauens in (mögliche) externe Partner', 'Fehlt die grundsätzliche Bereitschaft, Vorschläge und Beiträge externer Dritten für die Innovationsentscheidung zu berücksichtigen?', 0.655629);

-- --------------------------------------------------------

--
-- Tabellenstruktur für Tabelle `Risk_Sub_Class`
--

CREATE TABLE IF NOT EXISTS `Risk_Sub_Class` (
`sub_class_id` int(11) NOT NULL,
  `sub_class_name` varchar(255) DEFAULT NULL
) ENGINE=InnoDB AUTO_INCREMENT=19 DEFAULT CHARSET=latin1;

--
-- Daten für Tabelle `Risk_Sub_Class`
--

INSERT INTO `Risk_Sub_Class` (`sub_class_id`, `sub_class_name`) VALUES
(1, 'Strategie'),
(2, 'Kultur'),
(3, 'Beziehung zu Projektpartnern'),
(4, 'Wissensmanagement'),
(5, 'Tangible Ressourcen'),
(6, 'Aufwand für Aufgabenverteilung, -koordination, -überwachung'),
(7, 'Entitäten'),
(8, 'Gates'),
(9, 'Phasen'),
(10, 'Zeit'),
(11, 'Kreativität und Ideengeneration'),
(12, 'Ergebnisse'),
(13, 'Fortschritt'),
(14, 'Rechtlicher Rahmen von Maßnahmen im Zusammenhang mit Open Innovation Projekten allgemein'),
(15, 'Rechtlicher Rahmen von Innovationswettbewerben im Besonderen'),
(16, 'Organisation und Ausgestaltung des Innovationswettbewerbs '),
(17, 'Teilnehmerverhalten im Innovationswettbewerb'),
(18, 'Verwendbarkeit der im Innovationswettbewerb eingereichten Beiträge');

-- --------------------------------------------------------

--
-- Tabellenstruktur für Tabelle `Risk_Super_Class`
--

CREATE TABLE IF NOT EXISTS `Risk_Super_Class` (
`super_class_id` int(11) NOT NULL,
  `super_class_name` varchar(255) DEFAULT NULL
) ENGINE=InnoDB AUTO_INCREMENT=4 DEFAULT CHARSET=latin1;

--
-- Daten für Tabelle `Risk_Super_Class`
--

INSERT INTO `Risk_Super_Class` (`super_class_id`, `super_class_name`) VALUES
(1, 'Organizational'),
(2, 'Prozess'),
(3, 'Legal');

--
-- Indizes der exportierten Tabellen
--

--
-- Indizes für die Tabelle `Account`
--
ALTER TABLE `Account`
 ADD PRIMARY KEY (`account_id`);

--
-- Indizes für die Tabelle `Chance_Class`
--
ALTER TABLE `Chance_Class`
 ADD PRIMARY KEY (`class_id`);

--
-- Indizes für die Tabelle `Chance_Measures_Excerpt`
--
ALTER TABLE `Chance_Measures_Excerpt`
 ADD PRIMARY KEY (`measures_id`);

--
-- Indizes für die Tabelle `Chance_Questions_Excerpt`
--
ALTER TABLE `Chance_Questions_Excerpt`
 ADD PRIMARY KEY (`question_id`);

--
-- Indizes für die Tabelle `Chance_Sub_Class`
--
ALTER TABLE `Chance_Sub_Class`
 ADD PRIMARY KEY (`sub_class_id`);

--
-- Indizes für die Tabelle `Chance_Super_Class`
--
ALTER TABLE `Chance_Super_Class`
 ADD PRIMARY KEY (`super_class_id`);

--
-- Indizes für die Tabelle `Formalization_Questions`
--
ALTER TABLE `Formalization_Questions`
 ADD PRIMARY KEY (`question_id`);

--
-- Indizes für die Tabelle `Project`
--
ALTER TABLE `Project`
 ADD PRIMARY KEY (`project_id`);

--
-- Indizes für die Tabelle `Proximity_Formalization_Maßnahme`
--
ALTER TABLE `Proximity_Formalization_Maßnahme`
 ADD PRIMARY KEY (`type_id`);

--
-- Indizes für die Tabelle `Proximity_Questions`
--
ALTER TABLE `Proximity_Questions`
 ADD PRIMARY KEY (`question_id`);

--
-- Indizes für die Tabelle `Risikoeinstellung_Fragen`
--
ALTER TABLE `Risikoeinstellung_Fragen`
 ADD PRIMARY KEY (`question_id`);

--
-- Indizes für die Tabelle `Risikoeinstellung_Maßnahmen`
--
ALTER TABLE `Risikoeinstellung_Maßnahmen`
 ADD PRIMARY KEY (`type_id`);

--
-- Indizes für die Tabelle `Risk_Class`
--
ALTER TABLE `Risk_Class`
 ADD PRIMARY KEY (`class_id`);

--
-- Indizes für die Tabelle `Risk_Measures`
--
ALTER TABLE `Risk_Measures`
 ADD PRIMARY KEY (`measures_id`);

--
-- Indizes für die Tabelle `Risk_Measures_Excerpt`
--
ALTER TABLE `Risk_Measures_Excerpt`
 ADD PRIMARY KEY (`measures_id`);

--
-- Indizes für die Tabelle `Risk_Questions_Excerpt`
--
ALTER TABLE `Risk_Questions_Excerpt`
 ADD PRIMARY KEY (`question_id`);

--
-- Indizes für die Tabelle `Risk_Sub_Class`
--
ALTER TABLE `Risk_Sub_Class`
 ADD PRIMARY KEY (`sub_class_id`);

--
-- Indizes für die Tabelle `Risk_Super_Class`
--
ALTER TABLE `Risk_Super_Class`
 ADD PRIMARY KEY (`super_class_id`);

--
-- AUTO_INCREMENT für exportierte Tabellen
--

--
-- AUTO_INCREMENT für Tabelle `Account`
--
ALTER TABLE `Account`
MODIFY `account_id` int(11) NOT NULL AUTO_INCREMENT,AUTO_INCREMENT=18;
--
-- AUTO_INCREMENT für Tabelle `Chance_Class`
--
ALTER TABLE `Chance_Class`
MODIFY `class_id` int(11) NOT NULL AUTO_INCREMENT,AUTO_INCREMENT=41;
--
-- AUTO_INCREMENT für Tabelle `Chance_Measures_Excerpt`
--
ALTER TABLE `Chance_Measures_Excerpt`
MODIFY `measures_id` int(11) NOT NULL AUTO_INCREMENT,AUTO_INCREMENT=13;
--
-- AUTO_INCREMENT für Tabelle `Chance_Questions_Excerpt`
--
ALTER TABLE `Chance_Questions_Excerpt`
MODIFY `question_id` int(11) NOT NULL AUTO_INCREMENT,AUTO_INCREMENT=13;
--
-- AUTO_INCREMENT für Tabelle `Chance_Sub_Class`
--
ALTER TABLE `Chance_Sub_Class`
MODIFY `sub_class_id` int(11) NOT NULL AUTO_INCREMENT,AUTO_INCREMENT=21;
--
-- AUTO_INCREMENT für Tabelle `Chance_Super_Class`
--
ALTER TABLE `Chance_Super_Class`
MODIFY `super_class_id` int(11) NOT NULL AUTO_INCREMENT,AUTO_INCREMENT=4;
--
-- AUTO_INCREMENT für Tabelle `Formalization_Questions`
--
ALTER TABLE `Formalization_Questions`
MODIFY `question_id` int(11) NOT NULL AUTO_INCREMENT,AUTO_INCREMENT=10;
--
-- AUTO_INCREMENT für Tabelle `Project`
--
ALTER TABLE `Project`
MODIFY `project_id` int(11) NOT NULL AUTO_INCREMENT,AUTO_INCREMENT=43;
--
-- AUTO_INCREMENT für Tabelle `Proximity_Formalization_Maßnahme`
--
ALTER TABLE `Proximity_Formalization_Maßnahme`
MODIFY `type_id` int(11) NOT NULL AUTO_INCREMENT,AUTO_INCREMENT=5;
--
-- AUTO_INCREMENT für Tabelle `Proximity_Questions`
--
ALTER TABLE `Proximity_Questions`
MODIFY `question_id` int(11) NOT NULL AUTO_INCREMENT,AUTO_INCREMENT=18;
--
-- AUTO_INCREMENT für Tabelle `Risikoeinstellung_Fragen`
--
ALTER TABLE `Risikoeinstellung_Fragen`
MODIFY `question_id` int(11) NOT NULL AUTO_INCREMENT,AUTO_INCREMENT=8;
--
-- AUTO_INCREMENT für Tabelle `Risikoeinstellung_Maßnahmen`
--
ALTER TABLE `Risikoeinstellung_Maßnahmen`
MODIFY `type_id` int(11) NOT NULL AUTO_INCREMENT,AUTO_INCREMENT=4;
--
-- AUTO_INCREMENT für Tabelle `Risk_Class`
--
ALTER TABLE `Risk_Class`
MODIFY `class_id` int(11) NOT NULL AUTO_INCREMENT,AUTO_INCREMENT=46;
--
-- AUTO_INCREMENT für Tabelle `Risk_Measures`
--
ALTER TABLE `Risk_Measures`
MODIFY `measures_id` int(11) NOT NULL AUTO_INCREMENT,AUTO_INCREMENT=115;
--
-- AUTO_INCREMENT für Tabelle `Risk_Questions_Excerpt`
--
ALTER TABLE `Risk_Questions_Excerpt`
MODIFY `question_id` int(11) NOT NULL AUTO_INCREMENT,AUTO_INCREMENT=31;
--
-- AUTO_INCREMENT für Tabelle `Risk_Sub_Class`
--
ALTER TABLE `Risk_Sub_Class`
MODIFY `sub_class_id` int(11) NOT NULL AUTO_INCREMENT,AUTO_INCREMENT=19;
--
-- AUTO_INCREMENT für Tabelle `Risk_Super_Class`
--
ALTER TABLE `Risk_Super_Class`
MODIFY `super_class_id` int(11) NOT NULL AUTO_INCREMENT,AUTO_INCREMENT=4;
/*!40101 SET CHARACTER_SET_CLIENT=@OLD_CHARACTER_SET_CLIENT */;
/*!40101 SET CHARACTER_SET_RESULTS=@OLD_CHARACTER_SET_RESULTS */;
/*!40101 SET COLLATION_CONNECTION=@OLD_COLLATION_CONNECTION */;
